"raw_rt","rt","first_stimulus","second_stimulus","onset_of_first_stimulus","onset_of_second_stimulus","key_press","stim","correct_response","signal","trial_type","trial_index","time_elapsed","internal_node_id","response","correct","SSD","trial_i","block_i","window_resolution","focus","Fullscreen"
"1161","911","https://kywch.github.io/STOP-IT/jsPsych_version/images/go_right.png","https://kywch.github.io/STOP-IT/jsPsych_version/images/go_right.png","250","450","39","right","rightarrow","no","custom-stop-signal-plugin","6","29992","0.0-1.0-2.0-2.0","rightarrow","true","200","1","0","1280 x 800","focus","yes"
"1269","1019","https://kywch.github.io/STOP-IT/jsPsych_version/images/go_right.png","https://kywch.github.io/STOP-IT/jsPsych_version/images/stop_right.png","250","450","39","right","undefined","yes","custom-stop-signal-plugin","11","32519","0.0-1.0-2.0-2.1","rightarrow","false","200","2","0","1280 x 800","focus","yes"
"","NaN","https://kywch.github.io/STOP-IT/jsPsych_version/images/go_right.png","https://kywch.github.io/STOP-IT/jsPsych_version/images/go_right.png","250","400","null","right","rightarrow","no","custom-stop-signal-plugin","16","35277","0.0-1.0-2.0-2.2","undefined","false","150","3","0","1280 x 800","focus","yes"
"783","533","https://kywch.github.io/STOP-IT/jsPsych_version/images/go_left.png","https://kywch.github.io/STOP-IT/jsPsych_version/images/stop_left.png","250","400","37","left","undefined","yes","custom-stop-signal-plugin","21","37316","0.0-1.0-2.0-2.3","leftarrow","false","150","4","0","1280 x 800","focus","yes"
"1273","1023","https://kywch.github.io/STOP-IT/jsPsych_version/images/go_left.png","https://kywch.github.io/STOP-IT/jsPsych_version/images/go_left.png","250","350","39","left","leftarrow","no","custom-stop-signal-plugin","26","39844","0.0-1.0-2.0-2.4","rightarrow","false","100","5","0","1280 x 800","focus","yes"
"","NaN","https://kywch.github.io/STOP-IT/jsPsych_version/images/go_left.png","https://kywch.github.io/STOP-IT/jsPsych_version/images/go_left.png","250","350","null","left","leftarrow","no","custom-stop-signal-plugin","31","42602","0.0-1.0-2.0-2.5","undefined","false","100","6","0","1280 x 800","focus","yes"
"1029","779","https://kywch.github.io/STOP-IT/jsPsych_version/images/go_left.png","https://kywch.github.io/STOP-IT/jsPsych_version/images/go_left.png","250","350","37","left","leftarrow","no","custom-stop-signal-plugin","36","44886","0.0-1.0-2.0-2.6","leftarrow","true","100","7","0","1280 x 800","focus","yes"
"1260","1010","https://kywch.github.io/STOP-IT/jsPsych_version/images/go_right.png","https://kywch.github.io/STOP-IT/jsPsych_version/images/go_right.png","250","350","39","right","rightarrow","no","custom-stop-signal-plugin","41","47404","0.0-1.0-2.0-2.7","rightarrow","true","100","8","0","1280 x 800","focus","yes"
"","NaN","https://kywch.github.io/STOP-IT/jsPsych_version/images/go_left.png","https://kywch.github.io/STOP-IT/jsPsych_version/images/go_left.png","250","350","null","left","leftarrow","no","custom-stop-signal-plugin","46","50164","0.0-1.0-2.0-2.8","undefined","false","100","9","0","1280 x 800","focus","yes"
"808","558","https://kywch.github.io/STOP-IT/jsPsych_version/images/go_right.png","https://kywch.github.io/STOP-IT/jsPsych_version/images/go_right.png","250","350","39","right","rightarrow","no","custom-stop-signal-plugin","51","52225","0.0-1.0-2.0-2.9","rightarrow","true","100","10","0","1280 x 800","focus","yes"
"1273","1023","https://kywch.github.io/STOP-IT/jsPsych_version/images/go_right.png","https://kywch.github.io/STOP-IT/jsPsych_version/images/go_right.png","250","350","39","right","rightarrow","no","custom-stop-signal-plugin","56","54753","0.0-1.0-2.0-2.10","rightarrow","true","100","11","0","1280 x 800","focus","yes"
"","NaN","https://kywch.github.io/STOP-IT/jsPsych_version/images/go_right.png","https://kywch.github.io/STOP-IT/jsPsych_version/images/stop_right.png","250","350","null","right","undefined","yes","custom-stop-signal-plugin","61","57513","0.0-1.0-2.0-2.11","undefined","true","100","12","0","1280 x 800","focus","yes"
"859","609","https://kywch.github.io/STOP-IT/jsPsych_version/images/go_left.png","https://kywch.github.io/STOP-IT/jsPsych_version/images/go_left.png","250","400","37","left","leftarrow","no","custom-stop-signal-plugin","66","59625","0.0-1.0-2.0-2.12","leftarrow","true","150","13","0","1280 x 800","focus","yes"
"1271","1021","https://kywch.github.io/STOP-IT/jsPsych_version/images/go_left.png","https://kywch.github.io/STOP-IT/jsPsych_version/images/stop_left.png","250","400","39","left","undefined","yes","custom-stop-signal-plugin","71","62152","0.0-1.0-2.0-2.13","rightarrow","false","150","14","0","1280 x 800","focus","yes"
"","NaN","https://kywch.github.io/STOP-IT/jsPsych_version/images/go_right.png","https://kywch.github.io/STOP-IT/jsPsych_version/images/go_right.png","250","350","null","right","rightarrow","no","custom-stop-signal-plugin","76","64910","0.0-1.0-2.0-2.14","undefined","false","100","15","0","1280 x 800","focus","yes"
"689","439","https://kywch.github.io/STOP-IT/jsPsych_version/images/go_left.png","https://kywch.github.io/STOP-IT/jsPsych_version/images/go_left.png","250","350","37","left","leftarrow","no","custom-stop-signal-plugin","81","66854","0.0-1.0-2.0-2.15","leftarrow","true","100","16","0","1280 x 800","focus","yes"
"1270","1020","https://kywch.github.io/STOP-IT/jsPsych_version/images/go_left.png","https://kywch.github.io/STOP-IT/jsPsych_version/images/stop_left.png","250","350","39","left","undefined","yes","custom-stop-signal-plugin","86","69380","0.0-1.0-2.0-2.16","rightarrow","false","100","17","0","1280 x 800","focus","yes"
"","NaN","https://kywch.github.io/STOP-IT/jsPsych_version/images/go_right.png","https://kywch.github.io/STOP-IT/jsPsych_version/images/stop_right.png","250","300","null","right","undefined","yes","custom-stop-signal-plugin","91","72138","0.0-1.0-2.0-2.17","undefined","true","50","18","0","1280 x 800","focus","yes"
"700","450","https://kywch.github.io/STOP-IT/jsPsych_version/images/go_right.png","https://kywch.github.io/STOP-IT/jsPsych_version/images/go_right.png","250","350","39","right","rightarrow","no","custom-stop-signal-plugin","96","74093","0.0-1.0-2.0-2.18","rightarrow","true","100","19","0","1280 x 800","focus","yes"
"1274","1024","https://kywch.github.io/STOP-IT/jsPsych_version/images/go_right.png","https://kywch.github.io/STOP-IT/jsPsych_version/images/go_right.png","250","350","39","right","rightarrow","no","custom-stop-signal-plugin","101","76622","0.0-1.0-2.0-2.19","rightarrow","true","100","20","0","1280 x 800","focus","yes"
"","NaN","https://kywch.github.io/STOP-IT/jsPsych_version/images/go_left.png","https://kywch.github.io/STOP-IT/jsPsych_version/images/go_left.png","250","350","null","left","leftarrow","no","custom-stop-signal-plugin","106","79379","0.0-1.0-2.0-2.20","undefined","false","100","21","0","1280 x 800","focus","yes"
"728","478","https://kywch.github.io/STOP-IT/jsPsych_version/images/go_left.png","https://kywch.github.io/STOP-IT/jsPsych_version/images/go_left.png","250","350","37","left","leftarrow","no","custom-stop-signal-plugin","111","81363","0.0-1.0-2.0-2.21","leftarrow","true","100","22","0","1280 x 800","focus","yes"
"1289","1039","https://kywch.github.io/STOP-IT/jsPsych_version/images/go_right.png","https://kywch.github.io/STOP-IT/jsPsych_version/images/go_right.png","250","350","39","right","rightarrow","no","custom-stop-signal-plugin","116","83908","0.0-1.0-2.0-2.22","rightarrow","true","100","23","0","1280 x 800","focus","yes"
"","NaN","https://kywch.github.io/STOP-IT/jsPsych_version/images/go_left.png","https://kywch.github.io/STOP-IT/jsPsych_version/images/go_left.png","250","350","null","left","leftarrow","no","custom-stop-signal-plugin","121","86666","0.0-1.0-2.0-2.23","undefined","false","100","24","0","1280 x 800","focus","yes"
"823","573","https://kywch.github.io/STOP-IT/jsPsych_version/images/go_right.png","https://kywch.github.io/STOP-IT/jsPsych_version/images/go_right.png","250","350","39","right","rightarrow","no","custom-stop-signal-plugin","126","88744","0.0-1.0-2.0-2.24","rightarrow","true","100","25","0","1280 x 800","focus","yes"
"1275","1025","https://kywch.github.io/STOP-IT/jsPsych_version/images/go_right.png","https://kywch.github.io/STOP-IT/jsPsych_version/images/go_right.png","250","350","39","right","rightarrow","no","custom-stop-signal-plugin","131","91277","0.0-1.0-2.0-2.25","rightarrow","true","100","26","0","1280 x 800","focus","yes"
"","NaN","https://kywch.github.io/STOP-IT/jsPsych_version/images/go_right.png","https://kywch.github.io/STOP-IT/jsPsych_version/images/stop_right.png","250","350","null","right","undefined","yes","custom-stop-signal-plugin","136","94035","0.0-1.0-2.0-2.26","undefined","true","100","27","0","1280 x 800","focus","yes"
"700","450","https://kywch.github.io/STOP-IT/jsPsych_version/images/go_left.png","https://kywch.github.io/STOP-IT/jsPsych_version/images/go_left.png","250","400","37","left","leftarrow","no","custom-stop-signal-plugin","141","95991","0.0-1.0-2.0-2.27","leftarrow","true","150","28","0","1280 x 800","focus","yes"
"1262","1012","https://kywch.github.io/STOP-IT/jsPsych_version/images/go_left.png","https://kywch.github.io/STOP-IT/jsPsych_version/images/stop_left.png","250","400","39","left","undefined","yes","custom-stop-signal-plugin","146","98508","0.0-1.0-2.0-2.28","rightarrow","false","150","29","0","1280 x 800","focus","yes"
"","NaN","https://kywch.github.io/STOP-IT/jsPsych_version/images/go_left.png","https://kywch.github.io/STOP-IT/jsPsych_version/images/go_left.png","250","350","null","left","leftarrow","no","custom-stop-signal-plugin","151","101264","0.0-1.0-2.0-2.29","undefined","false","100","30","0","1280 x 800","focus","yes"
"897","647","https://kywch.github.io/STOP-IT/jsPsych_version/images/go_right.png","https://kywch.github.io/STOP-IT/jsPsych_version/images/go_right.png","250","350","39","right","rightarrow","no","custom-stop-signal-plugin","156","103418","0.0-1.0-2.0-2.30","rightarrow","true","100","31","0","1280 x 800","focus","yes"
"1267","1017","https://kywch.github.io/STOP-IT/jsPsych_version/images/go_left.png","https://kywch.github.io/STOP-IT/jsPsych_version/images/go_left.png","250","350","39","left","leftarrow","no","custom-stop-signal-plugin","161","105944","0.0-1.0-2.0-2.31","rightarrow","false","100","32","0","1280 x 800","focus","yes"
"890","640","https://kywch.github.io/STOP-IT/jsPsych_version/images/go_right.png","https://kywch.github.io/STOP-IT/jsPsych_version/images/go_right.png","250","350","39","right","rightarrow","no","custom-stop-signal-plugin","169","127012","0.0-1.0-2.1-2.32","rightarrow","true","100","1","1","1280 x 800","focus","yes"
"776","526","https://kywch.github.io/STOP-IT/jsPsych_version/images/go_left.png","https://kywch.github.io/STOP-IT/jsPsych_version/images/go_left.png","250","350","37","left","leftarrow","no","custom-stop-signal-plugin","173","128292","0.0-1.0-2.1-2.33","leftarrow","true","100","2","1","1280 x 800","focus","yes"
"995","745","https://kywch.github.io/STOP-IT/jsPsych_version/images/go_left.png","https://kywch.github.io/STOP-IT/jsPsych_version/images/go_left.png","250","350","37","left","leftarrow","no","custom-stop-signal-plugin","177","129789","0.0-1.0-2.1-2.34","leftarrow","true","100","3","1","1280 x 800","focus","yes"
"728","478","https://kywch.github.io/STOP-IT/jsPsych_version/images/go_right.png","https://kywch.github.io/STOP-IT/jsPsych_version/images/go_right.png","250","350","39","right","rightarrow","no","custom-stop-signal-plugin","181","131019","0.0-1.0-2.1-2.35","rightarrow","true","100","4","1","1280 x 800","focus","yes"
"1049","799","https://kywch.github.io/STOP-IT/jsPsych_version/images/go_left.png","https://kywch.github.io/STOP-IT/jsPsych_version/images/go_left.png","250","350","37","left","leftarrow","no","custom-stop-signal-plugin","185","132571","0.0-1.0-2.1-2.36","leftarrow","true","100","5","1","1280 x 800","focus","yes"
"807","557","https://kywch.github.io/STOP-IT/jsPsych_version/images/go_right.png","https://kywch.github.io/STOP-IT/jsPsych_version/images/go_right.png","250","350","39","right","rightarrow","no","custom-stop-signal-plugin","189","133880","0.0-1.0-2.1-2.37","rightarrow","true","100","6","1","1280 x 800","focus","yes"
"723","473","https://kywch.github.io/STOP-IT/jsPsych_version/images/go_right.png","https://kywch.github.io/STOP-IT/jsPsych_version/images/stop_right.png","250","350","39","right","undefined","yes","custom-stop-signal-plugin","193","135106","0.0-1.0-2.1-2.38","rightarrow","false","100","7","1","1280 x 800","focus","yes"
"","NaN","https://kywch.github.io/STOP-IT/jsPsych_version/images/go_left.png","https://kywch.github.io/STOP-IT/jsPsych_version/images/stop_left.png","250","300","null","left","undefined","yes","custom-stop-signal-plugin","197","137112","0.0-1.0-2.1-2.39","undefined","true","50","8","1","1280 x 800","focus","yes"
"819","569","https://kywch.github.io/STOP-IT/jsPsych_version/images/go_right.png","https://kywch.github.io/STOP-IT/jsPsych_version/images/stop_right.png","250","350","39","right","undefined","yes","custom-stop-signal-plugin","201","138435","0.0-1.0-2.1-2.40","rightarrow","false","100","9","1","1280 x 800","focus","yes"
"756","506","https://kywch.github.io/STOP-IT/jsPsych_version/images/go_left.png","https://kywch.github.io/STOP-IT/jsPsych_version/images/stop_left.png","250","300","37","left","undefined","yes","custom-stop-signal-plugin","205","139694","0.0-1.0-2.1-2.41","leftarrow","false","50","10","1","1280 x 800","focus","yes"
"928","678","https://kywch.github.io/STOP-IT/jsPsych_version/images/go_left.png","https://kywch.github.io/STOP-IT/jsPsych_version/images/go_left.png","250","300","37","left","leftarrow","no","custom-stop-signal-plugin","209","141125","0.0-1.0-2.1-2.42","leftarrow","true","50","11","1","1280 x 800","focus","yes"
"815","565","https://kywch.github.io/STOP-IT/jsPsych_version/images/go_right.png","https://kywch.github.io/STOP-IT/jsPsych_version/images/go_right.png","250","300","39","right","rightarrow","no","custom-stop-signal-plugin","213","142442","0.0-1.0-2.1-2.43","rightarrow","true","50","12","1","1280 x 800","focus","yes"
"870","620","https://kywch.github.io/STOP-IT/jsPsych_version/images/go_left.png","https://kywch.github.io/STOP-IT/jsPsych_version/images/go_left.png","250","300","37","left","leftarrow","no","custom-stop-signal-plugin","217","143815","0.0-1.0-2.1-2.44","leftarrow","true","50","13","1","1280 x 800","focus","yes"
"780","530","https://kywch.github.io/STOP-IT/jsPsych_version/images/go_right.png","https://kywch.github.io/STOP-IT/jsPsych_version/images/go_right.png","250","300","39","right","rightarrow","no","custom-stop-signal-plugin","221","145097","0.0-1.0-2.1-2.45","rightarrow","true","50","14","1","1280 x 800","focus","yes"
"743","493","https://kywch.github.io/STOP-IT/jsPsych_version/images/go_left.png","https://kywch.github.io/STOP-IT/jsPsych_version/images/go_left.png","250","300","37","left","leftarrow","no","custom-stop-signal-plugin","225","146342","0.0-1.0-2.1-2.46","leftarrow","true","50","15","1","1280 x 800","focus","yes"
"1018","768","https://kywch.github.io/STOP-IT/jsPsych_version/images/go_right.png","https://kywch.github.io/STOP-IT/jsPsych_version/images/go_right.png","250","300","39","right","rightarrow","no","custom-stop-signal-plugin","229","147862","0.0-1.0-2.1-2.47","rightarrow","true","50","16","1","1280 x 800","focus","yes"
"922","672","https://kywch.github.io/STOP-IT/jsPsych_version/images/go_left.png","https://kywch.github.io/STOP-IT/jsPsych_version/images/go_left.png","250","300","39","left","leftarrow","no","custom-stop-signal-plugin","233","149287","0.0-1.0-2.1-2.48","rightarrow","false","50","17","1","1280 x 800","focus","yes"
"956","706","https://kywch.github.io/STOP-IT/jsPsych_version/images/go_left.png","https://kywch.github.io/STOP-IT/jsPsych_version/images/go_left.png","250","300","37","left","leftarrow","no","custom-stop-signal-plugin","237","150748","0.0-1.0-2.1-2.49","leftarrow","true","50","18","1","1280 x 800","focus","yes"
"764","514","https://kywch.github.io/STOP-IT/jsPsych_version/images/go_right.png","https://kywch.github.io/STOP-IT/jsPsych_version/images/go_right.png","250","300","39","right","rightarrow","no","custom-stop-signal-plugin","241","152014","0.0-1.0-2.1-2.50","rightarrow","true","50","19","1","1280 x 800","focus","yes"
"","NaN","https://kywch.github.io/STOP-IT/jsPsych_version/images/go_right.png","https://kywch.github.io/STOP-IT/jsPsych_version/images/stop_right.png","250","300","null","right","undefined","yes","custom-stop-signal-plugin","245","154018","0.0-1.0-2.1-2.51","undefined","true","50","20","1","1280 x 800","focus","yes"
"","NaN","https://kywch.github.io/STOP-IT/jsPsych_version/images/go_left.png","https://kywch.github.io/STOP-IT/jsPsych_version/images/stop_left.png","250","350","null","left","undefined","yes","custom-stop-signal-plugin","249","156024","0.0-1.0-2.1-2.52","undefined","true","100","21","1","1280 x 800","focus","yes"
"1271","1021","https://kywch.github.io/STOP-IT/jsPsych_version/images/go_right.png","https://kywch.github.io/STOP-IT/jsPsych_version/images/go_right.png","250","400","39","right","rightarrow","no","custom-stop-signal-plugin","253","157799","0.0-1.0-2.1-2.53","rightarrow","true","150","22","1","1280 x 800","focus","yes"
"772","522","https://kywch.github.io/STOP-IT/jsPsych_version/images/go_left.png","https://kywch.github.io/STOP-IT/jsPsych_version/images/go_left.png","250","400","37","left","leftarrow","no","custom-stop-signal-plugin","257","159075","0.0-1.0-2.1-2.54","leftarrow","true","150","23","1","1280 x 800","focus","yes"
"847","597","https://kywch.github.io/STOP-IT/jsPsych_version/images/go_right.png","https://kywch.github.io/STOP-IT/jsPsych_version/images/go_right.png","250","400","39","right","rightarrow","no","custom-stop-signal-plugin","261","160426","0.0-1.0-2.1-2.55","rightarrow","true","150","24","1","1280 x 800","focus","yes"
"","NaN","https://kywch.github.io/STOP-IT/jsPsych_version/images/go_right.png","https://kywch.github.io/STOP-IT/jsPsych_version/images/stop_right.png","250","400","null","right","undefined","yes","custom-stop-signal-plugin","265","162430","0.0-1.0-2.1-2.56","undefined","true","150","25","1","1280 x 800","focus","yes"
"988","738","https://kywch.github.io/STOP-IT/jsPsych_version/images/go_left.png","https://kywch.github.io/STOP-IT/jsPsych_version/images/go_left.png","250","450","37","left","leftarrow","no","custom-stop-signal-plugin","269","163924","0.0-1.0-2.1-2.57","leftarrow","true","200","26","1","1280 x 800","focus","yes"
"1098","848","https://kywch.github.io/STOP-IT/jsPsych_version/images/go_right.png","https://kywch.github.io/STOP-IT/jsPsych_version/images/go_right.png","250","450","39","right","rightarrow","no","custom-stop-signal-plugin","273","165525","0.0-1.0-2.1-2.58","rightarrow","true","200","27","1","1280 x 800","focus","yes"
"975","725","https://kywch.github.io/STOP-IT/jsPsych_version/images/go_right.png","https://kywch.github.io/STOP-IT/jsPsych_version/images/go_right.png","250","450","39","right","rightarrow","no","custom-stop-signal-plugin","277","167004","0.0-1.0-2.1-2.59","rightarrow","true","200","28","1","1280 x 800","focus","yes"
"883","633","https://kywch.github.io/STOP-IT/jsPsych_version/images/go_left.png","https://kywch.github.io/STOP-IT/jsPsych_version/images/go_left.png","250","450","37","left","leftarrow","no","custom-stop-signal-plugin","281","168390","0.0-1.0-2.1-2.60","leftarrow","true","200","29","1","1280 x 800","focus","yes"
"","NaN","https://kywch.github.io/STOP-IT/jsPsych_version/images/go_left.png","https://kywch.github.io/STOP-IT/jsPsych_version/images/stop_left.png","250","450","null","left","undefined","yes","custom-stop-signal-plugin","285","170393","0.0-1.0-2.1-2.61","undefined","true","200","30","1","1280 x 800","focus","yes"
"944","694","https://kywch.github.io/STOP-IT/jsPsych_version/images/go_right.png","https://kywch.github.io/STOP-IT/jsPsych_version/images/go_right.png","250","500","39","right","rightarrow","no","custom-stop-signal-plugin","289","171841","0.0-1.0-2.1-2.62","rightarrow","true","250","31","1","1280 x 800","focus","yes"
"1025","775","https://kywch.github.io/STOP-IT/jsPsych_version/images/go_left.png","https://kywch.github.io/STOP-IT/jsPsych_version/images/go_left.png","250","500","37","left","leftarrow","no","custom-stop-signal-plugin","293","173368","0.0-1.0-2.1-2.63","leftarrow","true","250","32","1","1280 x 800","focus","yes"
"1033","783","https://kywch.github.io/STOP-IT/jsPsych_version/images/go_left.png","https://kywch.github.io/STOP-IT/jsPsych_version/images/go_left.png","250","500","37","left","leftarrow","no","custom-stop-signal-plugin","297","174905","0.0-1.0-2.1-2.64","leftarrow","true","250","33","1","1280 x 800","focus","yes"
"934","684","https://kywch.github.io/STOP-IT/jsPsych_version/images/go_right.png","https://kywch.github.io/STOP-IT/jsPsych_version/images/go_right.png","250","500","39","right","rightarrow","no","custom-stop-signal-plugin","301","176341","0.0-1.0-2.1-2.65","rightarrow","true","250","34","1","1280 x 800","focus","yes"
"746","496","https://kywch.github.io/STOP-IT/jsPsych_version/images/go_left.png","https://kywch.github.io/STOP-IT/jsPsych_version/images/go_left.png","250","500","37","left","leftarrow","no","custom-stop-signal-plugin","305","177590","0.0-1.0-2.1-2.66","leftarrow","true","250","35","1","1280 x 800","focus","yes"
"","NaN","https://kywch.github.io/STOP-IT/jsPsych_version/images/go_right.png","https://kywch.github.io/STOP-IT/jsPsych_version/images/stop_right.png","250","500","null","right","undefined","yes","custom-stop-signal-plugin","309","179593","0.0-1.0-2.1-2.67","undefined","true","250","36","1","1280 x 800","focus","yes"
"762","512","https://kywch.github.io/STOP-IT/jsPsych_version/images/go_right.png","https://kywch.github.io/STOP-IT/jsPsych_version/images/go_right.png","250","550","39","right","rightarrow","no","custom-stop-signal-plugin","313","180860","0.0-1.0-2.1-2.68","rightarrow","true","300","37","1","1280 x 800","focus","yes"
"762","512","https://kywch.github.io/STOP-IT/jsPsych_version/images/go_left.png","https://kywch.github.io/STOP-IT/jsPsych_version/images/go_left.png","250","550","37","left","leftarrow","no","custom-stop-signal-plugin","317","182124","0.0-1.0-2.1-2.69","leftarrow","true","300","38","1","1280 x 800","focus","yes"
"975","725","https://kywch.github.io/STOP-IT/jsPsych_version/images/go_right.png","https://kywch.github.io/STOP-IT/jsPsych_version/images/go_right.png","250","550","39","right","rightarrow","no","custom-stop-signal-plugin","321","183602","0.0-1.0-2.1-2.70","rightarrow","true","300","39","1","1280 x 800","focus","yes"
"761","511","https://kywch.github.io/STOP-IT/jsPsych_version/images/go_left.png","https://kywch.github.io/STOP-IT/jsPsych_version/images/stop_left.png","250","550","37","left","undefined","yes","custom-stop-signal-plugin","325","184865","0.0-1.0-2.1-2.71","leftarrow","false","300","40","1","1280 x 800","focus","yes"
"1053","803","https://kywch.github.io/STOP-IT/jsPsych_version/images/go_left.png","https://kywch.github.io/STOP-IT/jsPsych_version/images/go_left.png","250","500","37","left","leftarrow","no","custom-stop-signal-plugin","329","186420","0.0-1.0-2.1-2.72","leftarrow","true","250","41","1","1280 x 800","focus","yes"
"850","600","https://kywch.github.io/STOP-IT/jsPsych_version/images/go_right.png","https://kywch.github.io/STOP-IT/jsPsych_version/images/go_right.png","250","500","39","right","rightarrow","no","custom-stop-signal-plugin","333","187774","0.0-1.0-2.1-2.73","rightarrow","true","250","42","1","1280 x 800","focus","yes"
"848","598","https://kywch.github.io/STOP-IT/jsPsych_version/images/go_left.png","https://kywch.github.io/STOP-IT/jsPsych_version/images/go_left.png","250","500","37","left","leftarrow","no","custom-stop-signal-plugin","337","189123","0.0-1.0-2.1-2.74","leftarrow","true","250","43","1","1280 x 800","focus","yes"
"","NaN","https://kywch.github.io/STOP-IT/jsPsych_version/images/go_left.png","https://kywch.github.io/STOP-IT/jsPsych_version/images/stop_left.png","250","500","null","left","undefined","yes","custom-stop-signal-plugin","341","191128","0.0-1.0-2.1-2.75","undefined","true","250","44","1","1280 x 800","focus","yes"
"762","512","https://kywch.github.io/STOP-IT/jsPsych_version/images/go_right.png","https://kywch.github.io/STOP-IT/jsPsych_version/images/go_right.png","250","550","39","right","rightarrow","no","custom-stop-signal-plugin","345","192394","0.0-1.0-2.1-2.76","rightarrow","true","300","45","1","1280 x 800","focus","yes"
"812","562","https://kywch.github.io/STOP-IT/jsPsych_version/images/go_right.png","https://kywch.github.io/STOP-IT/jsPsych_version/images/go_right.png","250","550","39","right","rightarrow","no","custom-stop-signal-plugin","349","193707","0.0-1.0-2.1-2.77","rightarrow","true","300","46","1","1280 x 800","focus","yes"
"899","649","https://kywch.github.io/STOP-IT/jsPsych_version/images/go_left.png","https://kywch.github.io/STOP-IT/jsPsych_version/images/go_left.png","250","550","37","left","leftarrow","no","custom-stop-signal-plugin","353","195108","0.0-1.0-2.1-2.78","leftarrow","true","300","47","1","1280 x 800","focus","yes"
"925","675","https://kywch.github.io/STOP-IT/jsPsych_version/images/go_right.png","https://kywch.github.io/STOP-IT/jsPsych_version/images/stop_right.png","250","550","39","right","undefined","yes","custom-stop-signal-plugin","357","196536","0.0-1.0-2.1-2.79","rightarrow","false","300","48","1","1280 x 800","focus","yes"
"931","681","https://kywch.github.io/STOP-IT/jsPsych_version/images/go_left.png","https://kywch.github.io/STOP-IT/jsPsych_version/images/go_left.png","250","500","37","left","leftarrow","no","custom-stop-signal-plugin","361","197969","0.0-1.0-2.1-2.80","leftarrow","true","250","49","1","1280 x 800","focus","yes"
"735","485","https://kywch.github.io/STOP-IT/jsPsych_version/images/go_left.png","https://kywch.github.io/STOP-IT/jsPsych_version/images/go_left.png","250","500","37","left","leftarrow","no","custom-stop-signal-plugin","365","199207","0.0-1.0-2.1-2.81","leftarrow","true","250","50","1","1280 x 800","focus","yes"
"877","627","https://kywch.github.io/STOP-IT/jsPsych_version/images/go_right.png","https://kywch.github.io/STOP-IT/jsPsych_version/images/go_right.png","250","500","39","right","rightarrow","no","custom-stop-signal-plugin","369","200586","0.0-1.0-2.1-2.82","rightarrow","true","250","51","1","1280 x 800","focus","yes"
"977","727","https://kywch.github.io/STOP-IT/jsPsych_version/images/go_left.png","https://kywch.github.io/STOP-IT/jsPsych_version/images/go_left.png","250","500","37","left","leftarrow","no","custom-stop-signal-plugin","373","202065","0.0-1.0-2.1-2.83","leftarrow","true","250","52","1","1280 x 800","focus","yes"
"918","668","https://kywch.github.io/STOP-IT/jsPsych_version/images/go_right.png","https://kywch.github.io/STOP-IT/jsPsych_version/images/go_right.png","250","500","39","right","rightarrow","no","custom-stop-signal-plugin","377","203485","0.0-1.0-2.1-2.84","rightarrow","true","250","53","1","1280 x 800","focus","yes"
"947","697","https://kywch.github.io/STOP-IT/jsPsych_version/images/go_right.png","https://kywch.github.io/STOP-IT/jsPsych_version/images/stop_right.png","250","500","39","right","undefined","yes","custom-stop-signal-plugin","381","204937","0.0-1.0-2.1-2.85","rightarrow","false","250","54","1","1280 x 800","focus","yes"
"","NaN","https://kywch.github.io/STOP-IT/jsPsych_version/images/go_left.png","https://kywch.github.io/STOP-IT/jsPsych_version/images/stop_left.png","250","450","null","left","undefined","yes","custom-stop-signal-plugin","385","206942","0.0-1.0-2.1-2.86","undefined","true","200","55","1","1280 x 800","focus","yes"
"975","725","https://kywch.github.io/STOP-IT/jsPsych_version/images/go_right.png","https://kywch.github.io/STOP-IT/jsPsych_version/images/go_right.png","250","500","39","right","rightarrow","no","custom-stop-signal-plugin","389","208421","0.0-1.0-2.1-2.87","rightarrow","true","250","56","1","1280 x 800","focus","yes"
"943","693","https://kywch.github.io/STOP-IT/jsPsych_version/images/go_right.png","https://kywch.github.io/STOP-IT/jsPsych_version/images/go_right.png","250","500","39","right","rightarrow","no","custom-stop-signal-plugin","393","209866","0.0-1.0-2.1-2.88","rightarrow","true","250","57","1","1280 x 800","focus","yes"
"","NaN","https://kywch.github.io/STOP-IT/jsPsych_version/images/go_right.png","https://kywch.github.io/STOP-IT/jsPsych_version/images/stop_right.png","250","500","null","right","undefined","yes","custom-stop-signal-plugin","397","211870","0.0-1.0-2.1-2.89","undefined","true","250","58","1","1280 x 800","focus","yes"
"940","690","https://kywch.github.io/STOP-IT/jsPsych_version/images/go_left.png","https://kywch.github.io/STOP-IT/jsPsych_version/images/go_left.png","250","550","37","left","leftarrow","no","custom-stop-signal-plugin","401","213314","0.0-1.0-2.1-2.90","leftarrow","true","300","59","1","1280 x 800","focus","yes"
"","NaN","https://kywch.github.io/STOP-IT/jsPsych_version/images/go_right.png","https://kywch.github.io/STOP-IT/jsPsych_version/images/go_right.png","250","550","null","right","rightarrow","no","custom-stop-signal-plugin","405","215319","0.0-1.0-2.1-2.91","undefined","false","300","60","1","1280 x 800","focus","yes"
"","NaN","https://kywch.github.io/STOP-IT/jsPsych_version/images/go_left.png","https://kywch.github.io/STOP-IT/jsPsych_version/images/go_left.png","250","550","null","left","leftarrow","no","custom-stop-signal-plugin","409","217326","0.0-1.0-2.1-2.92","undefined","false","300","61","1","1280 x 800","focus","yes"
"","NaN","https://kywch.github.io/STOP-IT/jsPsych_version/images/go_left.png","https://kywch.github.io/STOP-IT/jsPsych_version/images/stop_left.png","250","550","null","left","undefined","yes","custom-stop-signal-plugin","413","219329","0.0-1.0-2.1-2.93","undefined","true","300","62","1","1280 x 800","focus","yes"
"909","659","https://kywch.github.io/STOP-IT/jsPsych_version/images/go_left.png","https://kywch.github.io/STOP-IT/jsPsych_version/images/go_left.png","250","600","37","left","leftarrow","no","custom-stop-signal-plugin","417","220742","0.0-1.0-2.1-2.94","leftarrow","true","350","63","1","1280 x 800","focus","yes"
"919","669","https://kywch.github.io/STOP-IT/jsPsych_version/images/go_right.png","https://kywch.github.io/STOP-IT/jsPsych_version/images/go_right.png","250","600","39","right","rightarrow","no","custom-stop-signal-plugin","421","222164","0.0-1.0-2.1-2.95","rightarrow","true","350","64","1","1280 x 800","focus","yes"
"1002","752","https://kywch.github.io/STOP-IT/jsPsych_version/images/go_right.png","https://kywch.github.io/STOP-IT/jsPsych_version/images/go_right.png","250","600","39","right","rightarrow","no","custom-stop-signal-plugin","428","242884","0.0-1.0-2.2-2.96","rightarrow","true","350","1","2","1280 x 800","focus","yes"
"756","506","https://kywch.github.io/STOP-IT/jsPsych_version/images/go_left.png","https://kywch.github.io/STOP-IT/jsPsych_version/images/go_left.png","250","600","37","left","leftarrow","no","custom-stop-signal-plugin","432","244141","0.0-1.0-2.2-2.97","leftarrow","true","350","2","2","1280 x 800","focus","yes"
"788","538","https://kywch.github.io/STOP-IT/jsPsych_version/images/go_left.png","https://kywch.github.io/STOP-IT/jsPsych_version/images/stop_left.png","250","600","37","left","undefined","yes","custom-stop-signal-plugin","436","245431","0.0-1.0-2.2-2.98","leftarrow","false","350","3","2","1280 x 800","focus","yes"
"1114","864","https://kywch.github.io/STOP-IT/jsPsych_version/images/go_right.png","https://kywch.github.io/STOP-IT/jsPsych_version/images/go_right.png","250","550","39","right","rightarrow","no","custom-stop-signal-plugin","440","247047","0.0-1.0-2.2-2.99","rightarrow","true","300","4","2","1280 x 800","focus","yes"
"","NaN","https://kywch.github.io/STOP-IT/jsPsych_version/images/go_right.png","https://kywch.github.io/STOP-IT/jsPsych_version/images/go_right.png","250","550","null","right","rightarrow","no","custom-stop-signal-plugin","444","249050","0.0-1.0-2.2-2.100","undefined","false","300","5","2","1280 x 800","focus","yes"
"1236","986","https://kywch.github.io/STOP-IT/jsPsych_version/images/go_left.png","https://kywch.github.io/STOP-IT/jsPsych_version/images/go_left.png","250","550","37","left","leftarrow","no","custom-stop-signal-plugin","448","250789","0.0-1.0-2.2-2.101","leftarrow","true","300","6","2","1280 x 800","focus","yes"
"864","614","https://kywch.github.io/STOP-IT/jsPsych_version/images/go_left.png","https://kywch.github.io/STOP-IT/jsPsych_version/images/go_left.png","250","550","37","left","leftarrow","no","custom-stop-signal-plugin","452","252156","0.0-1.0-2.2-2.102","leftarrow","true","300","7","2","1280 x 800","focus","yes"
"","NaN","https://kywch.github.io/STOP-IT/jsPsych_version/images/go_right.png","https://kywch.github.io/STOP-IT/jsPsych_version/images/stop_right.png","250","550","null","right","undefined","yes","custom-stop-signal-plugin","456","254161","0.0-1.0-2.2-2.103","undefined","true","300","8","2","1280 x 800","focus","yes"
"1225","975","https://kywch.github.io/STOP-IT/jsPsych_version/images/go_left.png","https://kywch.github.io/STOP-IT/jsPsych_version/images/go_left.png","250","600","37","left","leftarrow","no","custom-stop-signal-plugin","460","255891","0.0-1.0-2.2-2.104","leftarrow","true","350","9","2","1280 x 800","focus","yes"
"909","659","https://kywch.github.io/STOP-IT/jsPsych_version/images/go_left.png","https://kywch.github.io/STOP-IT/jsPsych_version/images/go_left.png","250","600","37","left","leftarrow","no","custom-stop-signal-plugin","464","257303","0.0-1.0-2.2-2.105","leftarrow","true","350","10","2","1280 x 800","focus","yes"
"","NaN","https://kywch.github.io/STOP-IT/jsPsych_version/images/go_left.png","https://kywch.github.io/STOP-IT/jsPsych_version/images/stop_left.png","250","600","null","left","undefined","yes","custom-stop-signal-plugin","468","259307","0.0-1.0-2.2-2.106","undefined","true","350","11","2","1280 x 800","focus","yes"
"703","453","https://kywch.github.io/STOP-IT/jsPsych_version/images/go_right.png","https://kywch.github.io/STOP-IT/jsPsych_version/images/stop_right.png","250","650","39","right","undefined","yes","custom-stop-signal-plugin","472","260515","0.0-1.0-2.2-2.107","rightarrow","false","400","12","2","1280 x 800","focus","yes"
"927","677","https://kywch.github.io/STOP-IT/jsPsych_version/images/go_right.png","https://kywch.github.io/STOP-IT/jsPsych_version/images/go_right.png","250","600","39","right","rightarrow","no","custom-stop-signal-plugin","476","261945","0.0-1.0-2.2-2.108","rightarrow","true","350","13","2","1280 x 800","focus","yes"
"822","572","https://kywch.github.io/STOP-IT/jsPsych_version/images/go_left.png","https://kywch.github.io/STOP-IT/jsPsych_version/images/go_left.png","250","600","37","left","leftarrow","no","custom-stop-signal-plugin","480","263270","0.0-1.0-2.2-2.109","leftarrow","true","350","14","2","1280 x 800","focus","yes"
"873","623","https://kywch.github.io/STOP-IT/jsPsych_version/images/go_right.png","https://kywch.github.io/STOP-IT/jsPsych_version/images/go_right.png","250","600","39","right","rightarrow","no","custom-stop-signal-plugin","484","264646","0.0-1.0-2.2-2.110","rightarrow","true","350","15","2","1280 x 800","focus","yes"
"825","575","https://kywch.github.io/STOP-IT/jsPsych_version/images/go_right.png","https://kywch.github.io/STOP-IT/jsPsych_version/images/go_right.png","250","600","39","right","rightarrow","no","custom-stop-signal-plugin","488","265973","0.0-1.0-2.2-2.111","rightarrow","true","350","16","2","1280 x 800","focus","yes"
"673","423","https://kywch.github.io/STOP-IT/jsPsych_version/images/go_left.png","https://kywch.github.io/STOP-IT/jsPsych_version/images/go_left.png","250","600","37","left","leftarrow","no","custom-stop-signal-plugin","492","267149","0.0-1.0-2.2-2.112","leftarrow","true","350","17","2","1280 x 800","focus","yes"
"994","744","https://kywch.github.io/STOP-IT/jsPsych_version/images/go_right.png","https://kywch.github.io/STOP-IT/jsPsych_version/images/go_right.png","250","600","39","right","rightarrow","no","custom-stop-signal-plugin","496","268644","0.0-1.0-2.2-2.113","rightarrow","true","350","18","2","1280 x 800","focus","yes"
"861","611","https://kywch.github.io/STOP-IT/jsPsych_version/images/go_right.png","https://kywch.github.io/STOP-IT/jsPsych_version/images/go_right.png","250","600","39","right","rightarrow","no","custom-stop-signal-plugin","500","270007","0.0-1.0-2.2-2.114","rightarrow","true","350","19","2","1280 x 800","focus","yes"
"706","456","https://kywch.github.io/STOP-IT/jsPsych_version/images/go_left.png","https://kywch.github.io/STOP-IT/jsPsych_version/images/stop_left.png","250","600","37","left","undefined","yes","custom-stop-signal-plugin","504","271216","0.0-1.0-2.2-2.115","leftarrow","false","350","20","2","1280 x 800","focus","yes"
"","NaN","https://kywch.github.io/STOP-IT/jsPsych_version/images/go_right.png","https://kywch.github.io/STOP-IT/jsPsych_version/images/stop_right.png","250","550","null","right","undefined","yes","custom-stop-signal-plugin","508","273221","0.0-1.0-2.2-2.116","undefined","true","300","21","2","1280 x 800","focus","yes"
"787","537","https://kywch.github.io/STOP-IT/jsPsych_version/images/go_right.png","https://kywch.github.io/STOP-IT/jsPsych_version/images/go_right.png","250","600","39","right","rightarrow","no","custom-stop-signal-plugin","512","274513","0.0-1.0-2.2-2.117","rightarrow","true","350","22","2","1280 x 800","focus","yes"
"763","513","https://kywch.github.io/STOP-IT/jsPsych_version/images/go_left.png","https://kywch.github.io/STOP-IT/jsPsych_version/images/go_left.png","250","600","37","left","leftarrow","no","custom-stop-signal-plugin","516","275780","0.0-1.0-2.2-2.118","leftarrow","true","350","23","2","1280 x 800","focus","yes"
"1211","961","https://kywch.github.io/STOP-IT/jsPsych_version/images/go_left.png","https://kywch.github.io/STOP-IT/jsPsych_version/images/go_left.png","250","600","37","left","leftarrow","no","custom-stop-signal-plugin","520","277493","0.0-1.0-2.2-2.119","leftarrow","true","350","24","2","1280 x 800","focus","yes"
"802","552","https://kywch.github.io/STOP-IT/jsPsych_version/images/go_left.png","https://kywch.github.io/STOP-IT/jsPsych_version/images/go_left.png","250","600","39","left","leftarrow","no","custom-stop-signal-plugin","524","278799","0.0-1.0-2.2-2.120","rightarrow","false","350","25","2","1280 x 800","focus","yes"
"","NaN","https://kywch.github.io/STOP-IT/jsPsych_version/images/go_left.png","https://kywch.github.io/STOP-IT/jsPsych_version/images/stop_left.png","250","600","null","left","undefined","yes","custom-stop-signal-plugin","528","280805","0.0-1.0-2.2-2.121","undefined","true","350","26","2","1280 x 800","focus","yes"
"932","682","https://kywch.github.io/STOP-IT/jsPsych_version/images/go_right.png","https://kywch.github.io/STOP-IT/jsPsych_version/images/go_right.png","250","650","39","right","rightarrow","no","custom-stop-signal-plugin","532","282243","0.0-1.0-2.2-2.122","rightarrow","true","400","27","2","1280 x 800","focus","yes"
"1022","772","https://kywch.github.io/STOP-IT/jsPsych_version/images/go_right.png","https://kywch.github.io/STOP-IT/jsPsych_version/images/go_right.png","250","650","39","right","rightarrow","no","custom-stop-signal-plugin","536","283768","0.0-1.0-2.2-2.123","rightarrow","true","400","28","2","1280 x 800","focus","yes"
"","NaN","https://kywch.github.io/STOP-IT/jsPsych_version/images/go_right.png","https://kywch.github.io/STOP-IT/jsPsych_version/images/stop_right.png","250","650","null","right","undefined","yes","custom-stop-signal-plugin","540","285773","0.0-1.0-2.2-2.124","undefined","true","400","29","2","1280 x 800","focus","yes"
"972","722","https://kywch.github.io/STOP-IT/jsPsych_version/images/go_left.png","https://kywch.github.io/STOP-IT/jsPsych_version/images/go_left.png","250","700","37","left","leftarrow","no","custom-stop-signal-plugin","544","287249","0.0-1.0-2.2-2.125","leftarrow","true","450","30","2","1280 x 800","focus","yes"
"727","477","https://kywch.github.io/STOP-IT/jsPsych_version/images/go_left.png","https://kywch.github.io/STOP-IT/jsPsych_version/images/go_left.png","250","700","37","left","leftarrow","no","custom-stop-signal-plugin","548","288479","0.0-1.0-2.2-2.126","leftarrow","true","450","31","2","1280 x 800","focus","yes"
"838","588","https://kywch.github.io/STOP-IT/jsPsych_version/images/go_right.png","https://kywch.github.io/STOP-IT/jsPsych_version/images/go_right.png","250","700","39","right","rightarrow","no","custom-stop-signal-plugin","552","289819","0.0-1.0-2.2-2.127","rightarrow","true","450","32","2","1280 x 800","focus","yes"
"815","565","https://kywch.github.io/STOP-IT/jsPsych_version/images/go_left.png","https://kywch.github.io/STOP-IT/jsPsych_version/images/go_left.png","250","700","37","left","leftarrow","no","custom-stop-signal-plugin","556","291138","0.0-1.0-2.2-2.128","leftarrow","true","450","33","2","1280 x 800","focus","yes"
"656","406","https://kywch.github.io/STOP-IT/jsPsych_version/images/go_right.png","https://kywch.github.io/STOP-IT/jsPsych_version/images/go_right.png","250","700","39","right","rightarrow","no","custom-stop-signal-plugin","560","292296","0.0-1.0-2.2-2.129","rightarrow","true","450","34","2","1280 x 800","focus","yes"
"","NaN","https://kywch.github.io/STOP-IT/jsPsych_version/images/go_right.png","https://kywch.github.io/STOP-IT/jsPsych_version/images/go_right.png","250","700","null","right","rightarrow","no","custom-stop-signal-plugin","564","294300","0.0-1.0-2.2-2.130","undefined","false","450","35","2","1280 x 800","focus","yes"
"","NaN","https://kywch.github.io/STOP-IT/jsPsych_version/images/go_right.png","https://kywch.github.io/STOP-IT/jsPsych_version/images/go_right.png","250","700","null","right","rightarrow","no","custom-stop-signal-plugin","568","296307","0.0-1.0-2.2-2.131","undefined","false","450","36","2","1280 x 800","focus","yes"
"900","650","https://kywch.github.io/STOP-IT/jsPsych_version/images/go_left.png","https://kywch.github.io/STOP-IT/jsPsych_version/images/go_left.png","250","700","37","left","leftarrow","no","custom-stop-signal-plugin","572","297710","0.0-1.0-2.2-2.132","leftarrow","true","450","37","2","1280 x 800","focus","yes"
"","NaN","https://kywch.github.io/STOP-IT/jsPsych_version/images/go_left.png","https://kywch.github.io/STOP-IT/jsPsych_version/images/stop_left.png","250","700","null","left","undefined","yes","custom-stop-signal-plugin","576","299714","0.0-1.0-2.2-2.133","undefined","true","450","38","2","1280 x 800","focus","yes"
"765","515","https://kywch.github.io/STOP-IT/jsPsych_version/images/go_right.png","https://kywch.github.io/STOP-IT/jsPsych_version/images/stop_right.png","250","750","39","right","undefined","yes","custom-stop-signal-plugin","580","300982","0.0-1.0-2.2-2.134","rightarrow","false","500","39","2","1280 x 800","focus","yes"
"950","700","https://kywch.github.io/STOP-IT/jsPsych_version/images/go_left.png","https://kywch.github.io/STOP-IT/jsPsych_version/images/go_left.png","250","700","37","left","leftarrow","no","custom-stop-signal-plugin","584","302435","0.0-1.0-2.2-2.135","leftarrow","true","450","40","2","1280 x 800","focus","yes"
"749","499","https://kywch.github.io/STOP-IT/jsPsych_version/images/go_left.png","https://kywch.github.io/STOP-IT/jsPsych_version/images/stop_left.png","250","700","37","left","undefined","yes","custom-stop-signal-plugin","588","303687","0.0-1.0-2.2-2.136","leftarrow","false","450","41","2","1280 x 800","focus","yes"
"759","509","https://kywch.github.io/STOP-IT/jsPsych_version/images/go_left.png","https://kywch.github.io/STOP-IT/jsPsych_version/images/go_left.png","250","650","37","left","leftarrow","no","custom-stop-signal-plugin","592","304949","0.0-1.0-2.2-2.137","leftarrow","true","400","42","2","1280 x 800","focus","yes"
"","NaN","https://kywch.github.io/STOP-IT/jsPsych_version/images/go_right.png","https://kywch.github.io/STOP-IT/jsPsych_version/images/stop_right.png","250","650","null","right","undefined","yes","custom-stop-signal-plugin","596","306954","0.0-1.0-2.2-2.138","undefined","true","400","43","2","1280 x 800","focus","yes"
"900","650","https://kywch.github.io/STOP-IT/jsPsych_version/images/go_right.png","https://kywch.github.io/STOP-IT/jsPsych_version/images/go_right.png","250","700","39","right","rightarrow","no","custom-stop-signal-plugin","600","308359","0.0-1.0-2.2-2.139","rightarrow","true","450","44","2","1280 x 800","focus","yes"
"771","521","https://kywch.github.io/STOP-IT/jsPsych_version/images/go_right.png","https://kywch.github.io/STOP-IT/jsPsych_version/images/go_right.png","250","700","39","right","rightarrow","no","custom-stop-signal-plugin","604","309632","0.0-1.0-2.2-2.140","rightarrow","true","450","45","2","1280 x 800","focus","yes"
"679","429","https://kywch.github.io/STOP-IT/jsPsych_version/images/go_right.png","https://kywch.github.io/STOP-IT/jsPsych_version/images/go_right.png","250","700","39","right","rightarrow","no","custom-stop-signal-plugin","608","310814","0.0-1.0-2.2-2.141","rightarrow","true","450","46","2","1280 x 800","focus","yes"
"714","464","https://kywch.github.io/STOP-IT/jsPsych_version/images/go_left.png","https://kywch.github.io/STOP-IT/jsPsych_version/images/go_left.png","250","700","37","left","leftarrow","no","custom-stop-signal-plugin","612","312030","0.0-1.0-2.2-2.142","leftarrow","true","450","47","2","1280 x 800","focus","yes"
"826","576","https://kywch.github.io/STOP-IT/jsPsych_version/images/go_left.png","https://kywch.github.io/STOP-IT/jsPsych_version/images/go_left.png","250","700","37","left","leftarrow","no","custom-stop-signal-plugin","616","313359","0.0-1.0-2.2-2.143","leftarrow","true","450","48","2","1280 x 800","focus","yes"
"","NaN","https://kywch.github.io/STOP-IT/jsPsych_version/images/go_left.png","https://kywch.github.io/STOP-IT/jsPsych_version/images/stop_left.png","250","700","null","left","undefined","yes","custom-stop-signal-plugin","620","315363","0.0-1.0-2.2-2.144","undefined","true","450","49","2","1280 x 800","focus","yes"
"851","601","https://kywch.github.io/STOP-IT/jsPsych_version/images/go_right.png","https://kywch.github.io/STOP-IT/jsPsych_version/images/go_right.png","250","750","39","right","rightarrow","no","custom-stop-signal-plugin","624","316720","0.0-1.0-2.2-2.145","rightarrow","true","500","50","2","1280 x 800","focus","yes"
"1000","750","https://kywch.github.io/STOP-IT/jsPsych_version/images/go_left.png","https://kywch.github.io/STOP-IT/jsPsych_version/images/go_left.png","250","750","37","left","leftarrow","no","custom-stop-signal-plugin","628","318224","0.0-1.0-2.2-2.146","leftarrow","true","500","51","2","1280 x 800","focus","yes"
"882","632","https://kywch.github.io/STOP-IT/jsPsych_version/images/go_left.png","https://kywch.github.io/STOP-IT/jsPsych_version/images/go_left.png","250","750","37","left","leftarrow","no","custom-stop-signal-plugin","632","319609","0.0-1.0-2.2-2.147","leftarrow","true","500","52","2","1280 x 800","focus","yes"
"747","497","https://kywch.github.io/STOP-IT/jsPsych_version/images/go_left.png","https://kywch.github.io/STOP-IT/jsPsych_version/images/go_left.png","250","750","37","left","leftarrow","no","custom-stop-signal-plugin","636","320860","0.0-1.0-2.2-2.148","leftarrow","true","500","53","2","1280 x 800","focus","yes"
"738","488","https://kywch.github.io/STOP-IT/jsPsych_version/images/go_right.png","https://kywch.github.io/STOP-IT/jsPsych_version/images/stop_right.png","250","750","39","right","undefined","yes","custom-stop-signal-plugin","640","322101","0.0-1.0-2.2-2.149","rightarrow","false","500","54","2","1280 x 800","focus","yes"
"846","596","https://kywch.github.io/STOP-IT/jsPsych_version/images/go_right.png","https://kywch.github.io/STOP-IT/jsPsych_version/images/go_right.png","250","700","39","right","rightarrow","no","custom-stop-signal-plugin","644","323451","0.0-1.0-2.2-2.150","rightarrow","true","450","55","2","1280 x 800","focus","yes"
"809","559","https://kywch.github.io/STOP-IT/jsPsych_version/images/go_right.png","https://kywch.github.io/STOP-IT/jsPsych_version/images/go_right.png","250","700","39","right","rightarrow","no","custom-stop-signal-plugin","648","324763","0.0-1.0-2.2-2.151","rightarrow","true","450","56","2","1280 x 800","focus","yes"
"743","493","https://kywch.github.io/STOP-IT/jsPsych_version/images/go_left.png","https://kywch.github.io/STOP-IT/jsPsych_version/images/go_left.png","250","700","37","left","leftarrow","no","custom-stop-signal-plugin","652","326011","0.0-1.0-2.2-2.152","leftarrow","true","450","57","2","1280 x 800","focus","yes"
"886","636","https://kywch.github.io/STOP-IT/jsPsych_version/images/go_left.png","https://kywch.github.io/STOP-IT/jsPsych_version/images/stop_left.png","250","700","37","left","undefined","yes","custom-stop-signal-plugin","656","327400","0.0-1.0-2.2-2.153","leftarrow","false","450","58","2","1280 x 800","focus","yes"
"812","562","https://kywch.github.io/STOP-IT/jsPsych_version/images/go_right.png","https://kywch.github.io/STOP-IT/jsPsych_version/images/go_right.png","250","650","39","right","rightarrow","no","custom-stop-signal-plugin","660","328715","0.0-1.0-2.2-2.154","rightarrow","true","400","59","2","1280 x 800","focus","yes"
"892","642","https://kywch.github.io/STOP-IT/jsPsych_version/images/go_right.png","https://kywch.github.io/STOP-IT/jsPsych_version/images/go_right.png","250","650","39","right","rightarrow","no","custom-stop-signal-plugin","664","330111","0.0-1.0-2.2-2.155","rightarrow","true","400","60","2","1280 x 800","focus","yes"
"927","677","https://kywch.github.io/STOP-IT/jsPsych_version/images/go_left.png","https://kywch.github.io/STOP-IT/jsPsych_version/images/go_left.png","250","650","37","left","leftarrow","no","custom-stop-signal-plugin","668","331541","0.0-1.0-2.2-2.156","leftarrow","true","400","61","2","1280 x 800","focus","yes"
"759","509","https://kywch.github.io/STOP-IT/jsPsych_version/images/go_left.png","https://kywch.github.io/STOP-IT/jsPsych_version/images/go_left.png","250","650","37","left","leftarrow","no","custom-stop-signal-plugin","672","332803","0.0-1.0-2.2-2.157","leftarrow","true","400","62","2","1280 x 800","focus","yes"
"","NaN","https://kywch.github.io/STOP-IT/jsPsych_version/images/go_right.png","https://kywch.github.io/STOP-IT/jsPsych_version/images/stop_right.png","250","650","null","right","undefined","yes","custom-stop-signal-plugin","676","334806","0.0-1.0-2.2-2.158","undefined","true","400","63","2","1280 x 800","focus","yes"
"975","725","https://kywch.github.io/STOP-IT/jsPsych_version/images/go_right.png","https://kywch.github.io/STOP-IT/jsPsych_version/images/go_right.png","250","700","39","right","rightarrow","no","custom-stop-signal-plugin","680","336285","0.0-1.0-2.2-2.159","rightarrow","true","450","64","2","1280 x 800","focus","yes"
"898","648","https://kywch.github.io/STOP-IT/jsPsych_version/images/go_left.png","https://kywch.github.io/STOP-IT/jsPsych_version/images/go_left.png","250","700","37","left","leftarrow","no","custom-stop-signal-plugin","687","356913","0.0-1.0-2.3-2.160","leftarrow","true","450","1","3","1280 x 800","focus","yes"
"819","569","https://kywch.github.io/STOP-IT/jsPsych_version/images/go_left.png","https://kywch.github.io/STOP-IT/jsPsych_version/images/go_left.png","250","700","37","left","leftarrow","no","custom-stop-signal-plugin","691","358235","0.0-1.0-2.3-2.161","leftarrow","true","450","2","3","1280 x 800","focus","yes"
"718","468","https://kywch.github.io/STOP-IT/jsPsych_version/images/go_right.png","https://kywch.github.io/STOP-IT/jsPsych_version/images/stop_right.png","250","700","39","right","undefined","yes","custom-stop-signal-plugin","695","359456","0.0-1.0-2.3-2.162","rightarrow","false","450","3","3","1280 x 800","focus","yes"
"1069","819","https://kywch.github.io/STOP-IT/jsPsych_version/images/go_right.png","https://kywch.github.io/STOP-IT/jsPsych_version/images/go_right.png","250","650","39","right","rightarrow","no","custom-stop-signal-plugin","699","361028","0.0-1.0-2.3-2.163","rightarrow","true","400","4","3","1280 x 800","focus","yes"
"1044","794","https://kywch.github.io/STOP-IT/jsPsych_version/images/go_left.png","https://kywch.github.io/STOP-IT/jsPsych_version/images/go_left.png","250","650","37","left","leftarrow","no","custom-stop-signal-plugin","703","362575","0.0-1.0-2.3-2.164","leftarrow","true","400","5","3","1280 x 800","focus","yes"
"885","635","https://kywch.github.io/STOP-IT/jsPsych_version/images/go_right.png","https://kywch.github.io/STOP-IT/jsPsych_version/images/go_right.png","250","650","39","right","rightarrow","no","custom-stop-signal-plugin","707","363963","0.0-1.0-2.3-2.165","rightarrow","true","400","6","3","1280 x 800","focus","yes"
"","NaN","https://kywch.github.io/STOP-IT/jsPsych_version/images/go_left.png","https://kywch.github.io/STOP-IT/jsPsych_version/images/stop_left.png","250","650","null","left","undefined","yes","custom-stop-signal-plugin","711","365968","0.0-1.0-2.3-2.166","undefined","true","400","7","3","1280 x 800","focus","yes"
"1162","912","https://kywch.github.io/STOP-IT/jsPsych_version/images/go_right.png","https://kywch.github.io/STOP-IT/jsPsych_version/images/go_right.png","250","700","39","right","rightarrow","no","custom-stop-signal-plugin","715","367636","0.0-1.0-2.3-2.167","rightarrow","true","450","8","3","1280 x 800","focus","yes"
"1178","928","https://kywch.github.io/STOP-IT/jsPsych_version/images/go_right.png","https://kywch.github.io/STOP-IT/jsPsych_version/images/go_right.png","250","700","39","right","rightarrow","no","custom-stop-signal-plugin","719","369318","0.0-1.0-2.3-2.168","rightarrow","true","450","9","3","1280 x 800","focus","yes"
"909","659","https://kywch.github.io/STOP-IT/jsPsych_version/images/go_right.png","https://kywch.github.io/STOP-IT/jsPsych_version/images/go_right.png","250","700","39","right","rightarrow","no","custom-stop-signal-plugin","723","370729","0.0-1.0-2.3-2.169","rightarrow","true","450","10","3","1280 x 800","focus","yes"
"896","646","https://kywch.github.io/STOP-IT/jsPsych_version/images/go_left.png","https://kywch.github.io/STOP-IT/jsPsych_version/images/go_left.png","250","700","37","left","leftarrow","no","custom-stop-signal-plugin","727","372127","0.0-1.0-2.3-2.170","leftarrow","true","450","11","3","1280 x 800","focus","yes"
"1010","760","https://kywch.github.io/STOP-IT/jsPsych_version/images/go_left.png","https://kywch.github.io/STOP-IT/jsPsych_version/images/go_left.png","250","700","37","left","leftarrow","no","custom-stop-signal-plugin","731","373639","0.0-1.0-2.3-2.171","leftarrow","true","450","12","3","1280 x 800","focus","yes"
"827","577","https://kywch.github.io/STOP-IT/jsPsych_version/images/go_right.png","https://kywch.github.io/STOP-IT/jsPsych_version/images/go_right.png","250","700","39","right","rightarrow","no","custom-stop-signal-plugin","735","374969","0.0-1.0-2.3-2.172","rightarrow","true","450","13","3","1280 x 800","focus","yes"
"814","564","https://kywch.github.io/STOP-IT/jsPsych_version/images/go_left.png","https://kywch.github.io/STOP-IT/jsPsych_version/images/go_left.png","250","700","37","left","leftarrow","no","custom-stop-signal-plugin","739","376286","0.0-1.0-2.3-2.173","leftarrow","true","450","14","3","1280 x 800","focus","yes"
"","NaN","https://kywch.github.io/STOP-IT/jsPsych_version/images/go_right.png","https://kywch.github.io/STOP-IT/jsPsych_version/images/stop_right.png","250","700","null","right","undefined","yes","custom-stop-signal-plugin","743","378291","0.0-1.0-2.3-2.174","undefined","true","450","15","3","1280 x 800","focus","yes"
"","NaN","https://kywch.github.io/STOP-IT/jsPsych_version/images/go_left.png","https://kywch.github.io/STOP-IT/jsPsych_version/images/stop_left.png","250","750","null","left","undefined","yes","custom-stop-signal-plugin","747","380297","0.0-1.0-2.3-2.175","undefined","true","500","16","3","1280 x 800","focus","yes"
"","NaN","https://kywch.github.io/STOP-IT/jsPsych_version/images/go_right.png","https://kywch.github.io/STOP-IT/jsPsych_version/images/go_right.png","250","800","null","right","rightarrow","no","custom-stop-signal-plugin","751","382302","0.0-1.0-2.3-2.176","undefined","false","550","17","3","1280 x 800","focus","yes"
"927","677","https://kywch.github.io/STOP-IT/jsPsych_version/images/go_left.png","https://kywch.github.io/STOP-IT/jsPsych_version/images/go_left.png","250","800","37","left","leftarrow","no","custom-stop-signal-plugin","755","383732","0.0-1.0-2.3-2.177","leftarrow","true","550","18","3","1280 x 800","focus","yes"
"871","621","https://kywch.github.io/STOP-IT/jsPsych_version/images/go_right.png","https://kywch.github.io/STOP-IT/jsPsych_version/images/go_right.png","250","800","39","right","rightarrow","no","custom-stop-signal-plugin","759","385106","0.0-1.0-2.3-2.178","rightarrow","true","550","19","3","1280 x 800","focus","yes"
"793","543","https://kywch.github.io/STOP-IT/jsPsych_version/images/go_left.png","https://kywch.github.io/STOP-IT/jsPsych_version/images/go_left.png","250","800","37","left","leftarrow","no","custom-stop-signal-plugin","763","386402","0.0-1.0-2.3-2.179","leftarrow","true","550","20","3","1280 x 800","focus","yes"
"773","523","https://kywch.github.io/STOP-IT/jsPsych_version/images/go_left.png","https://kywch.github.io/STOP-IT/jsPsych_version/images/go_left.png","250","800","37","left","leftarrow","no","custom-stop-signal-plugin","767","387677","0.0-1.0-2.3-2.180","leftarrow","true","550","21","3","1280 x 800","focus","yes"
"932","682","https://kywch.github.io/STOP-IT/jsPsych_version/images/go_right.png","https://kywch.github.io/STOP-IT/jsPsych_version/images/go_right.png","250","800","39","right","rightarrow","no","custom-stop-signal-plugin","771","389113","0.0-1.0-2.3-2.181","rightarrow","true","550","22","3","1280 x 800","focus","yes"
"909","659","https://kywch.github.io/STOP-IT/jsPsych_version/images/go_left.png","https://kywch.github.io/STOP-IT/jsPsych_version/images/stop_left.png","250","800","37","left","undefined","yes","custom-stop-signal-plugin","775","390524","0.0-1.0-2.3-2.182","leftarrow","false","550","23","3","1280 x 800","focus","yes"
"812","562","https://kywch.github.io/STOP-IT/jsPsych_version/images/go_right.png","https://kywch.github.io/STOP-IT/jsPsych_version/images/stop_right.png","250","750","39","right","undefined","yes","custom-stop-signal-plugin","779","391838","0.0-1.0-2.3-2.183","rightarrow","false","500","24","3","1280 x 800","focus","yes"
"931","681","https://kywch.github.io/STOP-IT/jsPsych_version/images/go_right.png","https://kywch.github.io/STOP-IT/jsPsych_version/images/go_right.png","250","700","39","right","rightarrow","no","custom-stop-signal-plugin","783","393273","0.0-1.0-2.3-2.184","rightarrow","true","450","25","3","1280 x 800","focus","yes"
"715","465","https://kywch.github.io/STOP-IT/jsPsych_version/images/go_left.png","https://kywch.github.io/STOP-IT/jsPsych_version/images/stop_left.png","250","700","37","left","undefined","yes","custom-stop-signal-plugin","787","394492","0.0-1.0-2.3-2.185","leftarrow","false","450","26","3","1280 x 800","focus","yes"
"893","643","https://kywch.github.io/STOP-IT/jsPsych_version/images/go_right.png","https://kywch.github.io/STOP-IT/jsPsych_version/images/go_right.png","250","650","39","right","rightarrow","no","custom-stop-signal-plugin","791","395887","0.0-1.0-2.3-2.186","rightarrow","true","400","27","3","1280 x 800","focus","yes"
"801","551","https://kywch.github.io/STOP-IT/jsPsych_version/images/go_left.png","https://kywch.github.io/STOP-IT/jsPsych_version/images/go_left.png","250","650","37","left","leftarrow","no","custom-stop-signal-plugin","795","397192","0.0-1.0-2.3-2.187","leftarrow","true","400","28","3","1280 x 800","focus","yes"
"827","577","https://kywch.github.io/STOP-IT/jsPsych_version/images/go_right.png","https://kywch.github.io/STOP-IT/jsPsych_version/images/stop_right.png","250","650","39","right","undefined","yes","custom-stop-signal-plugin","799","398521","0.0-1.0-2.3-2.188","rightarrow","false","400","29","3","1280 x 800","focus","yes"
"782","532","https://kywch.github.io/STOP-IT/jsPsych_version/images/go_right.png","https://kywch.github.io/STOP-IT/jsPsych_version/images/go_right.png","250","600","39","right","rightarrow","no","custom-stop-signal-plugin","803","399805","0.0-1.0-2.3-2.189","rightarrow","true","350","30","3","1280 x 800","focus","yes"
"776","526","https://kywch.github.io/STOP-IT/jsPsych_version/images/go_left.png","https://kywch.github.io/STOP-IT/jsPsych_version/images/go_left.png","250","600","37","left","leftarrow","no","custom-stop-signal-plugin","807","401085","0.0-1.0-2.3-2.190","leftarrow","true","350","31","3","1280 x 800","focus","yes"
"815","565","https://kywch.github.io/STOP-IT/jsPsych_version/images/go_left.png","https://kywch.github.io/STOP-IT/jsPsych_version/images/go_left.png","250","600","37","left","leftarrow","no","custom-stop-signal-plugin","811","402404","0.0-1.0-2.3-2.191","leftarrow","true","350","32","3","1280 x 800","focus","yes"
"1012","762","https://kywch.github.io/STOP-IT/jsPsych_version/images/go_right.png","https://kywch.github.io/STOP-IT/jsPsych_version/images/go_right.png","250","600","39","right","rightarrow","no","custom-stop-signal-plugin","815","403918","0.0-1.0-2.3-2.192","rightarrow","true","350","33","3","1280 x 800","focus","yes"
"","NaN","https://kywch.github.io/STOP-IT/jsPsych_version/images/go_right.png","https://kywch.github.io/STOP-IT/jsPsych_version/images/stop_right.png","250","600","null","right","undefined","yes","custom-stop-signal-plugin","819","405922","0.0-1.0-2.3-2.193","undefined","true","350","34","3","1280 x 800","focus","yes"
"837","587","https://kywch.github.io/STOP-IT/jsPsych_version/images/go_left.png","https://kywch.github.io/STOP-IT/jsPsych_version/images/go_left.png","250","650","37","left","leftarrow","no","custom-stop-signal-plugin","823","407265","0.0-1.0-2.3-2.194","leftarrow","true","400","35","3","1280 x 800","focus","yes"
"","NaN","https://kywch.github.io/STOP-IT/jsPsych_version/images/go_left.png","https://kywch.github.io/STOP-IT/jsPsych_version/images/stop_left.png","250","650","null","left","undefined","yes","custom-stop-signal-plugin","827","409268","0.0-1.0-2.3-2.195","undefined","true","400","36","3","1280 x 800","focus","yes"
"802","552","https://kywch.github.io/STOP-IT/jsPsych_version/images/go_right.png","https://kywch.github.io/STOP-IT/jsPsych_version/images/go_right.png","250","700","39","right","rightarrow","no","custom-stop-signal-plugin","831","410577","0.0-1.0-2.3-2.196","rightarrow","true","450","37","3","1280 x 800","focus","yes"
"1038","788","https://kywch.github.io/STOP-IT/jsPsych_version/images/go_left.png","https://kywch.github.io/STOP-IT/jsPsych_version/images/go_left.png","250","700","37","left","leftarrow","no","custom-stop-signal-plugin","835","412117","0.0-1.0-2.3-2.197","leftarrow","true","450","38","3","1280 x 800","focus","yes"
"1001","751","https://kywch.github.io/STOP-IT/jsPsych_version/images/go_right.png","https://kywch.github.io/STOP-IT/jsPsych_version/images/go_right.png","250","700","39","right","rightarrow","no","custom-stop-signal-plugin","839","413622","0.0-1.0-2.3-2.198","rightarrow","true","450","39","3","1280 x 800","focus","yes"
"1113","863","https://kywch.github.io/STOP-IT/jsPsych_version/images/go_left.png","https://kywch.github.io/STOP-IT/jsPsych_version/images/go_left.png","250","700","37","left","leftarrow","no","custom-stop-signal-plugin","843","415237","0.0-1.0-2.3-2.199","leftarrow","true","450","40","3","1280 x 800","focus","yes"
"","NaN","https://kywch.github.io/STOP-IT/jsPsych_version/images/go_left.png","https://kywch.github.io/STOP-IT/jsPsych_version/images/stop_left.png","250","700","null","left","undefined","yes","custom-stop-signal-plugin","847","417242","0.0-1.0-2.3-2.200","undefined","true","450","41","3","1280 x 800","focus","yes"
"929","679","https://kywch.github.io/STOP-IT/jsPsych_version/images/go_left.png","https://kywch.github.io/STOP-IT/jsPsych_version/images/go_left.png","250","750","37","left","leftarrow","no","custom-stop-signal-plugin","851","418675","0.0-1.0-2.3-2.201","leftarrow","true","500","42","3","1280 x 800","focus","yes"
"","NaN","https://kywch.github.io/STOP-IT/jsPsych_version/images/go_right.png","https://kywch.github.io/STOP-IT/jsPsych_version/images/stop_right.png","250","750","null","right","undefined","yes","custom-stop-signal-plugin","855","420679","0.0-1.0-2.3-2.202","undefined","true","500","43","3","1280 x 800","focus","yes"
"","NaN","https://kywch.github.io/STOP-IT/jsPsych_version/images/go_right.png","https://kywch.github.io/STOP-IT/jsPsych_version/images/go_right.png","250","800","null","right","rightarrow","no","custom-stop-signal-plugin","859","422684","0.0-1.0-2.3-2.203","undefined","false","550","44","3","1280 x 800","focus","yes"
"891","641","https://kywch.github.io/STOP-IT/jsPsych_version/images/go_left.png","https://kywch.github.io/STOP-IT/jsPsych_version/images/go_left.png","250","800","37","left","leftarrow","no","custom-stop-signal-plugin","863","424079","0.0-1.0-2.3-2.204","leftarrow","true","550","45","3","1280 x 800","focus","yes"
"741","491","https://kywch.github.io/STOP-IT/jsPsych_version/images/go_right.png","https://kywch.github.io/STOP-IT/jsPsych_version/images/go_right.png","250","800","39","right","rightarrow","no","custom-stop-signal-plugin","867","425323","0.0-1.0-2.3-2.205","rightarrow","true","550","46","3","1280 x 800","focus","yes"
"740","490","https://kywch.github.io/STOP-IT/jsPsych_version/images/go_right.png","https://kywch.github.io/STOP-IT/jsPsych_version/images/go_right.png","250","800","37","right","rightarrow","no","custom-stop-signal-plugin","871","426567","0.0-1.0-2.3-2.206","leftarrow","false","550","47","3","1280 x 800","focus","yes"
"1028","778","https://kywch.github.io/STOP-IT/jsPsych_version/images/go_left.png","https://kywch.github.io/STOP-IT/jsPsych_version/images/go_left.png","250","800","37","left","leftarrow","no","custom-stop-signal-plugin","875","428098","0.0-1.0-2.3-2.207","leftarrow","true","550","48","3","1280 x 800","focus","yes"
"930","680","https://kywch.github.io/STOP-IT/jsPsych_version/images/go_right.png","https://kywch.github.io/STOP-IT/jsPsych_version/images/stop_right.png","250","800","39","right","undefined","yes","custom-stop-signal-plugin","879","429531","0.0-1.0-2.3-2.208","rightarrow","false","550","49","3","1280 x 800","focus","yes"
"834","584","https://kywch.github.io/STOP-IT/jsPsych_version/images/go_left.png","https://kywch.github.io/STOP-IT/jsPsych_version/images/go_left.png","250","750","37","left","leftarrow","no","custom-stop-signal-plugin","883","430869","0.0-1.0-2.3-2.209","leftarrow","true","500","50","3","1280 x 800","focus","yes"
"986","736","https://kywch.github.io/STOP-IT/jsPsych_version/images/go_right.png","https://kywch.github.io/STOP-IT/jsPsych_version/images/go_right.png","250","750","39","right","rightarrow","no","custom-stop-signal-plugin","887","432359","0.0-1.0-2.3-2.210","rightarrow","true","500","51","3","1280 x 800","focus","yes"
"838","588","https://kywch.github.io/STOP-IT/jsPsych_version/images/go_left.png","https://kywch.github.io/STOP-IT/jsPsych_version/images/go_left.png","250","750","37","left","leftarrow","no","custom-stop-signal-plugin","891","433699","0.0-1.0-2.3-2.211","leftarrow","true","500","52","3","1280 x 800","focus","yes"
"1036","786","https://kywch.github.io/STOP-IT/jsPsych_version/images/go_right.png","https://kywch.github.io/STOP-IT/jsPsych_version/images/go_right.png","250","750","39","right","rightarrow","no","custom-stop-signal-plugin","895","435238","0.0-1.0-2.3-2.212","rightarrow","true","500","53","3","1280 x 800","focus","yes"
"","NaN","https://kywch.github.io/STOP-IT/jsPsych_version/images/go_left.png","https://kywch.github.io/STOP-IT/jsPsych_version/images/stop_left.png","250","750","null","left","undefined","yes","custom-stop-signal-plugin","899","437242","0.0-1.0-2.3-2.213","undefined","true","500","54","3","1280 x 800","focus","yes"
"","NaN","https://kywch.github.io/STOP-IT/jsPsych_version/images/go_left.png","https://kywch.github.io/STOP-IT/jsPsych_version/images/go_left.png","250","800","null","left","leftarrow","no","custom-stop-signal-plugin","903","439248","0.0-1.0-2.3-2.214","undefined","false","550","55","3","1280 x 800","focus","yes"
"953","703","https://kywch.github.io/STOP-IT/jsPsych_version/images/go_right.png","https://kywch.github.io/STOP-IT/jsPsych_version/images/go_right.png","250","800","39","right","rightarrow","no","custom-stop-signal-plugin","907","440705","0.0-1.0-2.3-2.215","rightarrow","true","550","56","3","1280 x 800","focus","yes"
"1132","882","https://kywch.github.io/STOP-IT/jsPsych_version/images/go_left.png","https://kywch.github.io/STOP-IT/jsPsych_version/images/go_left.png","250","800","37","left","leftarrow","no","custom-stop-signal-plugin","911","442341","0.0-1.0-2.3-2.216","leftarrow","true","550","57","3","1280 x 800","focus","yes"
"1038","788","https://kywch.github.io/STOP-IT/jsPsych_version/images/go_left.png","https://kywch.github.io/STOP-IT/jsPsych_version/images/go_left.png","250","800","37","left","leftarrow","no","custom-stop-signal-plugin","915","443881","0.0-1.0-2.3-2.217","leftarrow","true","550","58","3","1280 x 800","focus","yes"
"852","602","https://kywch.github.io/STOP-IT/jsPsych_version/images/go_right.png","https://kywch.github.io/STOP-IT/jsPsych_version/images/go_right.png","250","800","39","right","rightarrow","no","custom-stop-signal-plugin","919","445236","0.0-1.0-2.3-2.218","rightarrow","true","550","59","3","1280 x 800","focus","yes"
"826","576","https://kywch.github.io/STOP-IT/jsPsych_version/images/go_right.png","https://kywch.github.io/STOP-IT/jsPsych_version/images/go_right.png","250","800","39","right","rightarrow","no","custom-stop-signal-plugin","923","446566","0.0-1.0-2.3-2.219","rightarrow","true","550","60","3","1280 x 800","focus","yes"
"792","542","https://kywch.github.io/STOP-IT/jsPsych_version/images/go_left.png","https://kywch.github.io/STOP-IT/jsPsych_version/images/go_left.png","250","800","37","left","leftarrow","no","custom-stop-signal-plugin","927","447860","0.0-1.0-2.3-2.220","leftarrow","true","550","61","3","1280 x 800","focus","yes"
"857","607","https://kywch.github.io/STOP-IT/jsPsych_version/images/go_right.png","https://kywch.github.io/STOP-IT/jsPsych_version/images/go_right.png","250","800","39","right","rightarrow","no","custom-stop-signal-plugin","931","449221","0.0-1.0-2.3-2.221","rightarrow","true","550","62","3","1280 x 800","focus","yes"
"766","516","https://kywch.github.io/STOP-IT/jsPsych_version/images/go_right.png","https://kywch.github.io/STOP-IT/jsPsych_version/images/stop_right.png","250","800","39","right","undefined","yes","custom-stop-signal-plugin","935","450490","0.0-1.0-2.3-2.222","rightarrow","false","550","63","3","1280 x 800","focus","yes"
"692","442","https://kywch.github.io/STOP-IT/jsPsych_version/images/go_left.png","https://kywch.github.io/STOP-IT/jsPsych_version/images/stop_left.png","250","750","37","left","undefined","yes","custom-stop-signal-plugin","939","451686","0.0-1.0-2.3-2.223","leftarrow","false","500","64","3","1280 x 800","focus","yes"
"812","562","https://kywch.github.io/STOP-IT/jsPsych_version/images/go_left.png","https://kywch.github.io/STOP-IT/jsPsych_version/images/stop_left.png","250","700","37","left","undefined","yes","custom-stop-signal-plugin","946","472299","0.0-1.0-2.4-2.224","leftarrow","false","450","1","4","1280 x 800","focus","yes"
"912","662","https://kywch.github.io/STOP-IT/jsPsych_version/images/go_right.png","https://kywch.github.io/STOP-IT/jsPsych_version/images/go_right.png","250","650","39","right","rightarrow","no","custom-stop-signal-plugin","950","473714","0.0-1.0-2.4-2.225","rightarrow","true","400","2","4","1280 x 800","focus","yes"
"1047","797","https://kywch.github.io/STOP-IT/jsPsych_version/images/go_left.png","https://kywch.github.io/STOP-IT/jsPsych_version/images/go_left.png","250","650","37","left","leftarrow","no","custom-stop-signal-plugin","954","475264","0.0-1.0-2.4-2.226","leftarrow","true","400","3","4","1280 x 800","focus","yes"
"","NaN","https://kywch.github.io/STOP-IT/jsPsych_version/images/go_left.png","https://kywch.github.io/STOP-IT/jsPsych_version/images/go_left.png","250","650","null","left","leftarrow","no","custom-stop-signal-plugin","958","477267","0.0-1.0-2.4-2.227","undefined","false","400","4","4","1280 x 800","focus","yes"
"1037","787","https://kywch.github.io/STOP-IT/jsPsych_version/images/go_right.png","https://kywch.github.io/STOP-IT/jsPsych_version/images/go_right.png","250","650","39","right","rightarrow","no","custom-stop-signal-plugin","962","478806","0.0-1.0-2.4-2.228","rightarrow","true","400","5","4","1280 x 800","focus","yes"
"968","718","https://kywch.github.io/STOP-IT/jsPsych_version/images/go_right.png","https://kywch.github.io/STOP-IT/jsPsych_version/images/go_right.png","250","650","39","right","rightarrow","no","custom-stop-signal-plugin","966","480278","0.0-1.0-2.4-2.229","rightarrow","true","400","6","4","1280 x 800","focus","yes"
"","NaN","https://kywch.github.io/STOP-IT/jsPsych_version/images/go_right.png","https://kywch.github.io/STOP-IT/jsPsych_version/images/stop_right.png","250","650","null","right","undefined","yes","custom-stop-signal-plugin","970","482283","0.0-1.0-2.4-2.230","undefined","true","400","7","4","1280 x 800","focus","yes"
"994","744","https://kywch.github.io/STOP-IT/jsPsych_version/images/go_left.png","https://kywch.github.io/STOP-IT/jsPsych_version/images/go_left.png","250","700","37","left","leftarrow","no","custom-stop-signal-plugin","974","483781","0.0-1.0-2.4-2.231","leftarrow","true","450","8","4","1280 x 800","focus","yes"
"866","616","https://kywch.github.io/STOP-IT/jsPsych_version/images/go_right.png","https://kywch.github.io/STOP-IT/jsPsych_version/images/go_right.png","250","700","39","right","rightarrow","no","custom-stop-signal-plugin","978","485150","0.0-1.0-2.4-2.232","rightarrow","true","450","9","4","1280 x 800","focus","yes"
"721","471","https://kywch.github.io/STOP-IT/jsPsych_version/images/go_left.png","https://kywch.github.io/STOP-IT/jsPsych_version/images/stop_left.png","250","700","37","left","undefined","yes","custom-stop-signal-plugin","982","486374","0.0-1.0-2.4-2.233","leftarrow","false","450","10","4","1280 x 800","focus","yes"
"835","585","https://kywch.github.io/STOP-IT/jsPsych_version/images/go_right.png","https://kywch.github.io/STOP-IT/jsPsych_version/images/stop_right.png","250","650","39","right","undefined","yes","custom-stop-signal-plugin","986","487711","0.0-1.0-2.4-2.234","rightarrow","false","400","11","4","1280 x 800","focus","yes"
"931","681","https://kywch.github.io/STOP-IT/jsPsych_version/images/go_left.png","https://kywch.github.io/STOP-IT/jsPsych_version/images/go_left.png","250","600","37","left","leftarrow","no","custom-stop-signal-plugin","990","489145","0.0-1.0-2.4-2.235","leftarrow","true","350","12","4","1280 x 800","focus","yes"
"883","633","https://kywch.github.io/STOP-IT/jsPsych_version/images/go_right.png","https://kywch.github.io/STOP-IT/jsPsych_version/images/go_right.png","250","600","39","right","rightarrow","no","custom-stop-signal-plugin","994","490530","0.0-1.0-2.4-2.236","rightarrow","true","350","13","4","1280 x 800","focus","yes"
"937","687","https://kywch.github.io/STOP-IT/jsPsych_version/images/go_left.png","https://kywch.github.io/STOP-IT/jsPsych_version/images/go_left.png","250","600","37","left","leftarrow","no","custom-stop-signal-plugin","998","491970","0.0-1.0-2.4-2.237","leftarrow","true","350","14","4","1280 x 800","focus","yes"
"851","601","https://kywch.github.io/STOP-IT/jsPsych_version/images/go_right.png","https://kywch.github.io/STOP-IT/jsPsych_version/images/go_right.png","250","600","39","right","rightarrow","no","custom-stop-signal-plugin","1002","493325","0.0-1.0-2.4-2.238","rightarrow","true","350","15","4","1280 x 800","focus","yes"
"883","633","https://kywch.github.io/STOP-IT/jsPsych_version/images/go_left.png","https://kywch.github.io/STOP-IT/jsPsych_version/images/go_left.png","250","600","37","left","leftarrow","no","custom-stop-signal-plugin","1006","494712","0.0-1.0-2.4-2.239","leftarrow","true","350","16","4","1280 x 800","focus","yes"
"","NaN","https://kywch.github.io/STOP-IT/jsPsych_version/images/go_right.png","https://kywch.github.io/STOP-IT/jsPsych_version/images/go_right.png","250","600","null","right","rightarrow","no","custom-stop-signal-plugin","1010","496717","0.0-1.0-2.4-2.240","undefined","false","350","17","4","1280 x 800","focus","yes"
"","NaN","https://kywch.github.io/STOP-IT/jsPsych_version/images/go_right.png","https://kywch.github.io/STOP-IT/jsPsych_version/images/stop_right.png","250","600","null","right","undefined","yes","custom-stop-signal-plugin","1014","498722","0.0-1.0-2.4-2.241","undefined","true","350","18","4","1280 x 800","focus","yes"
"938","688","https://kywch.github.io/STOP-IT/jsPsych_version/images/go_left.png","https://kywch.github.io/STOP-IT/jsPsych_version/images/go_left.png","250","650","37","left","leftarrow","no","custom-stop-signal-plugin","1018","500164","0.0-1.0-2.4-2.242","leftarrow","true","400","19","4","1280 x 800","focus","yes"
"860","610","https://kywch.github.io/STOP-IT/jsPsych_version/images/go_left.png","https://kywch.github.io/STOP-IT/jsPsych_version/images/go_left.png","250","650","37","left","leftarrow","no","custom-stop-signal-plugin","1022","501529","0.0-1.0-2.4-2.243","leftarrow","true","400","20","4","1280 x 800","focus","yes"
"911","661","https://kywch.github.io/STOP-IT/jsPsych_version/images/go_right.png","https://kywch.github.io/STOP-IT/jsPsych_version/images/go_right.png","250","650","39","right","rightarrow","no","custom-stop-signal-plugin","1026","502943","0.0-1.0-2.4-2.244","rightarrow","true","400","21","4","1280 x 800","focus","yes"
"803","553","https://kywch.github.io/STOP-IT/jsPsych_version/images/go_right.png","https://kywch.github.io/STOP-IT/jsPsych_version/images/go_right.png","250","650","39","right","rightarrow","no","custom-stop-signal-plugin","1030","504249","0.0-1.0-2.4-2.245","rightarrow","true","400","22","4","1280 x 800","focus","yes"
"776","526","https://kywch.github.io/STOP-IT/jsPsych_version/images/go_left.png","https://kywch.github.io/STOP-IT/jsPsych_version/images/stop_left.png","250","650","37","left","undefined","yes","custom-stop-signal-plugin","1034","505529","0.0-1.0-2.4-2.246","leftarrow","false","400","23","4","1280 x 800","focus","yes"
"867","617","https://kywch.github.io/STOP-IT/jsPsych_version/images/go_left.png","https://kywch.github.io/STOP-IT/jsPsych_version/images/go_left.png","250","600","37","left","leftarrow","no","custom-stop-signal-plugin","1038","506899","0.0-1.0-2.4-2.247","leftarrow","true","350","24","4","1280 x 800","focus","yes"
"764","514","https://kywch.github.io/STOP-IT/jsPsych_version/images/go_right.png","https://kywch.github.io/STOP-IT/jsPsych_version/images/go_right.png","250","600","39","right","rightarrow","no","custom-stop-signal-plugin","1042","508165","0.0-1.0-2.4-2.248","rightarrow","true","350","25","4","1280 x 800","focus","yes"
"","NaN","https://kywch.github.io/STOP-IT/jsPsych_version/images/go_left.png","https://kywch.github.io/STOP-IT/jsPsych_version/images/stop_left.png","250","600","null","left","undefined","yes","custom-stop-signal-plugin","1046","510170","0.0-1.0-2.4-2.249","undefined","true","350","26","4","1280 x 800","focus","yes"
"1058","808","https://kywch.github.io/STOP-IT/jsPsych_version/images/go_right.png","https://kywch.github.io/STOP-IT/jsPsych_version/images/go_right.png","250","650","39","right","rightarrow","no","custom-stop-signal-plugin","1050","511733","0.0-1.0-2.4-2.250","rightarrow","true","400","27","4","1280 x 800","focus","yes"
"773","523","https://kywch.github.io/STOP-IT/jsPsych_version/images/go_right.png","https://kywch.github.io/STOP-IT/jsPsych_version/images/go_right.png","250","650","39","right","rightarrow","no","custom-stop-signal-plugin","1054","513009","0.0-1.0-2.4-2.251","rightarrow","true","400","28","4","1280 x 800","focus","yes"
"750","500","https://kywch.github.io/STOP-IT/jsPsych_version/images/go_left.png","https://kywch.github.io/STOP-IT/jsPsych_version/images/go_left.png","250","650","37","left","leftarrow","no","custom-stop-signal-plugin","1058","514262","0.0-1.0-2.4-2.252","leftarrow","true","400","29","4","1280 x 800","focus","yes"
"893","643","https://kywch.github.io/STOP-IT/jsPsych_version/images/go_left.png","https://kywch.github.io/STOP-IT/jsPsych_version/images/go_left.png","250","650","37","left","leftarrow","no","custom-stop-signal-plugin","1062","515658","0.0-1.0-2.4-2.253","leftarrow","true","400","30","4","1280 x 800","focus","yes"
"951","701","https://kywch.github.io/STOP-IT/jsPsych_version/images/go_left.png","https://kywch.github.io/STOP-IT/jsPsych_version/images/go_left.png","250","650","37","left","leftarrow","no","custom-stop-signal-plugin","1066","517113","0.0-1.0-2.4-2.254","leftarrow","true","400","31","4","1280 x 800","focus","yes"
"","NaN","https://kywch.github.io/STOP-IT/jsPsych_version/images/go_right.png","https://kywch.github.io/STOP-IT/jsPsych_version/images/stop_right.png","250","650","null","right","undefined","yes","custom-stop-signal-plugin","1070","519119","0.0-1.0-2.4-2.255","undefined","true","400","32","4","1280 x 800","focus","yes"
"","NaN","https://kywch.github.io/STOP-IT/jsPsych_version/images/go_right.png","https://kywch.github.io/STOP-IT/jsPsych_version/images/stop_right.png","250","700","null","right","undefined","yes","custom-stop-signal-plugin","1074","521125","0.0-1.0-2.4-2.256","undefined","true","450","33","4","1280 x 800","focus","yes"
"1189","939","https://kywch.github.io/STOP-IT/jsPsych_version/images/go_left.png","https://kywch.github.io/STOP-IT/jsPsych_version/images/go_left.png","250","750","37","left","leftarrow","no","custom-stop-signal-plugin","1078","522817","0.0-1.0-2.4-2.257","leftarrow","true","500","34","4","1280 x 800","focus","yes"
"767","517","https://kywch.github.io/STOP-IT/jsPsych_version/images/go_left.png","https://kywch.github.io/STOP-IT/jsPsych_version/images/stop_left.png","250","750","37","left","undefined","yes","custom-stop-signal-plugin","1082","524087","0.0-1.0-2.4-2.258","leftarrow","false","500","35","4","1280 x 800","focus","yes"
"785","535","https://kywch.github.io/STOP-IT/jsPsych_version/images/go_right.png","https://kywch.github.io/STOP-IT/jsPsych_version/images/go_right.png","250","700","39","right","rightarrow","no","custom-stop-signal-plugin","1086","525375","0.0-1.0-2.4-2.259","rightarrow","true","450","36","4","1280 x 800","focus","yes"
"908","658","https://kywch.github.io/STOP-IT/jsPsych_version/images/go_right.png","https://kywch.github.io/STOP-IT/jsPsych_version/images/go_right.png","250","700","39","right","rightarrow","no","custom-stop-signal-plugin","1090","526786","0.0-1.0-2.4-2.260","rightarrow","true","450","37","4","1280 x 800","focus","yes"
"757","507","https://kywch.github.io/STOP-IT/jsPsych_version/images/go_right.png","https://kywch.github.io/STOP-IT/jsPsych_version/images/go_right.png","250","700","39","right","rightarrow","no","custom-stop-signal-plugin","1094","528045","0.0-1.0-2.4-2.261","rightarrow","true","450","38","4","1280 x 800","focus","yes"
"874","624","https://kywch.github.io/STOP-IT/jsPsych_version/images/go_left.png","https://kywch.github.io/STOP-IT/jsPsych_version/images/go_left.png","250","700","37","left","leftarrow","no","custom-stop-signal-plugin","1098","529420","0.0-1.0-2.4-2.262","leftarrow","true","450","39","4","1280 x 800","focus","yes"
"736","486","https://kywch.github.io/STOP-IT/jsPsych_version/images/go_left.png","https://kywch.github.io/STOP-IT/jsPsych_version/images/go_left.png","250","700","37","left","leftarrow","no","custom-stop-signal-plugin","1102","530660","0.0-1.0-2.4-2.263","leftarrow","true","450","40","4","1280 x 800","focus","yes"
"853","603","https://kywch.github.io/STOP-IT/jsPsych_version/images/go_left.png","https://kywch.github.io/STOP-IT/jsPsych_version/images/go_left.png","250","700","37","left","leftarrow","no","custom-stop-signal-plugin","1106","532017","0.0-1.0-2.4-2.264","leftarrow","true","450","41","4","1280 x 800","focus","yes"
"821","571","https://kywch.github.io/STOP-IT/jsPsych_version/images/go_left.png","https://kywch.github.io/STOP-IT/jsPsych_version/images/stop_left.png","250","700","37","left","undefined","yes","custom-stop-signal-plugin","1110","533340","0.0-1.0-2.4-2.265","leftarrow","false","450","42","4","1280 x 800","focus","yes"
"942","692","https://kywch.github.io/STOP-IT/jsPsych_version/images/go_left.png","https://kywch.github.io/STOP-IT/jsPsych_version/images/go_left.png","250","650","37","left","leftarrow","no","custom-stop-signal-plugin","1114","534786","0.0-1.0-2.4-2.266","leftarrow","true","400","43","4","1280 x 800","focus","yes"
"963","713","https://kywch.github.io/STOP-IT/jsPsych_version/images/go_right.png","https://kywch.github.io/STOP-IT/jsPsych_version/images/go_right.png","250","650","39","right","rightarrow","no","custom-stop-signal-plugin","1118","536252","0.0-1.0-2.4-2.267","rightarrow","true","400","44","4","1280 x 800","focus","yes"
"918","668","https://kywch.github.io/STOP-IT/jsPsych_version/images/go_left.png","https://kywch.github.io/STOP-IT/jsPsych_version/images/go_left.png","250","650","37","left","leftarrow","no","custom-stop-signal-plugin","1122","537673","0.0-1.0-2.4-2.268","leftarrow","true","400","45","4","1280 x 800","focus","yes"
"832","582","https://kywch.github.io/STOP-IT/jsPsych_version/images/go_right.png","https://kywch.github.io/STOP-IT/jsPsych_version/images/stop_right.png","250","650","39","right","undefined","yes","custom-stop-signal-plugin","1126","539009","0.0-1.0-2.4-2.269","rightarrow","false","400","46","4","1280 x 800","focus","yes"
"996","746","https://kywch.github.io/STOP-IT/jsPsych_version/images/go_right.png","https://kywch.github.io/STOP-IT/jsPsych_version/images/go_right.png","250","600","39","right","rightarrow","no","custom-stop-signal-plugin","1130","540508","0.0-1.0-2.4-2.270","rightarrow","true","350","47","4","1280 x 800","focus","yes"
"851","601","https://kywch.github.io/STOP-IT/jsPsych_version/images/go_right.png","https://kywch.github.io/STOP-IT/jsPsych_version/images/go_right.png","250","600","39","right","rightarrow","no","custom-stop-signal-plugin","1134","541863","0.0-1.0-2.4-2.271","rightarrow","true","350","48","4","1280 x 800","focus","yes"
"","NaN","https://kywch.github.io/STOP-IT/jsPsych_version/images/go_left.png","https://kywch.github.io/STOP-IT/jsPsych_version/images/stop_left.png","250","600","null","left","undefined","yes","custom-stop-signal-plugin","1138","543868","0.0-1.0-2.4-2.272","undefined","true","350","49","4","1280 x 800","focus","yes"
"875","625","https://kywch.github.io/STOP-IT/jsPsych_version/images/go_left.png","https://kywch.github.io/STOP-IT/jsPsych_version/images/go_left.png","250","650","37","left","leftarrow","no","custom-stop-signal-plugin","1142","545248","0.0-1.0-2.4-2.273","leftarrow","true","400","50","4","1280 x 800","focus","yes"
"786","536","https://kywch.github.io/STOP-IT/jsPsych_version/images/go_right.png","https://kywch.github.io/STOP-IT/jsPsych_version/images/go_right.png","250","650","39","right","rightarrow","no","custom-stop-signal-plugin","1146","546537","0.0-1.0-2.4-2.274","rightarrow","true","400","51","4","1280 x 800","focus","yes"
"917","667","https://kywch.github.io/STOP-IT/jsPsych_version/images/go_right.png","https://kywch.github.io/STOP-IT/jsPsych_version/images/go_right.png","250","650","39","right","rightarrow","no","custom-stop-signal-plugin","1150","547957","0.0-1.0-2.4-2.275","rightarrow","true","400","52","4","1280 x 800","focus","yes"
"968","718","https://kywch.github.io/STOP-IT/jsPsych_version/images/go_right.png","https://kywch.github.io/STOP-IT/jsPsych_version/images/go_right.png","250","650","39","right","rightarrow","no","custom-stop-signal-plugin","1154","549428","0.0-1.0-2.4-2.276","rightarrow","true","400","53","4","1280 x 800","focus","yes"
"906","656","https://kywch.github.io/STOP-IT/jsPsych_version/images/go_left.png","https://kywch.github.io/STOP-IT/jsPsych_version/images/go_left.png","250","650","37","left","leftarrow","no","custom-stop-signal-plugin","1158","550837","0.0-1.0-2.4-2.277","leftarrow","true","400","54","4","1280 x 800","focus","yes"
"","NaN","https://kywch.github.io/STOP-IT/jsPsych_version/images/go_right.png","https://kywch.github.io/STOP-IT/jsPsych_version/images/stop_right.png","250","650","null","right","undefined","yes","custom-stop-signal-plugin","1162","552842","0.0-1.0-2.4-2.278","undefined","true","400","55","4","1280 x 800","focus","yes"
"1009","759","https://kywch.github.io/STOP-IT/jsPsych_version/images/go_left.png","https://kywch.github.io/STOP-IT/jsPsych_version/images/go_left.png","250","700","37","left","leftarrow","no","custom-stop-signal-plugin","1166","554355","0.0-1.0-2.4-2.279","leftarrow","true","450","56","4","1280 x 800","focus","yes"
"765","515","https://kywch.github.io/STOP-IT/jsPsych_version/images/go_left.png","https://kywch.github.io/STOP-IT/jsPsych_version/images/go_left.png","250","700","37","left","leftarrow","no","custom-stop-signal-plugin","1170","555624","0.0-1.0-2.4-2.280","leftarrow","true","450","57","4","1280 x 800","focus","yes"
"960","710","https://kywch.github.io/STOP-IT/jsPsych_version/images/go_right.png","https://kywch.github.io/STOP-IT/jsPsych_version/images/go_right.png","250","700","39","right","rightarrow","no","custom-stop-signal-plugin","1174","557087","0.0-1.0-2.4-2.281","rightarrow","true","450","58","4","1280 x 800","focus","yes"
"892","642","https://kywch.github.io/STOP-IT/jsPsych_version/images/go_left.png","https://kywch.github.io/STOP-IT/jsPsych_version/images/go_left.png","250","700","37","left","leftarrow","no","custom-stop-signal-plugin","1178","558482","0.0-1.0-2.4-2.282","leftarrow","true","450","59","4","1280 x 800","focus","yes"
"858","608","https://kywch.github.io/STOP-IT/jsPsych_version/images/go_right.png","https://kywch.github.io/STOP-IT/jsPsych_version/images/stop_right.png","250","700","39","right","undefined","yes","custom-stop-signal-plugin","1182","559842","0.0-1.0-2.4-2.283","rightarrow","false","450","60","4","1280 x 800","focus","yes"
"812","562","https://kywch.github.io/STOP-IT/jsPsych_version/images/go_right.png","https://kywch.github.io/STOP-IT/jsPsych_version/images/go_right.png","250","650","39","right","rightarrow","no","custom-stop-signal-plugin","1186","561158","0.0-1.0-2.4-2.284","rightarrow","true","400","61","4","1280 x 800","focus","yes"
"","NaN","https://kywch.github.io/STOP-IT/jsPsych_version/images/go_left.png","https://kywch.github.io/STOP-IT/jsPsych_version/images/stop_left.png","250","650","null","left","undefined","yes","custom-stop-signal-plugin","1190","563162","0.0-1.0-2.4-2.285","undefined","true","400","62","4","1280 x 800","focus","yes"
"820","570","https://kywch.github.io/STOP-IT/jsPsych_version/images/go_left.png","https://kywch.github.io/STOP-IT/jsPsych_version/images/go_left.png","250","700","37","left","leftarrow","no","custom-stop-signal-plugin","1194","564487","0.0-1.0-2.4-2.286","leftarrow","true","450","63","4","1280 x 800","focus","yes"
"989","739","https://kywch.github.io/STOP-IT/jsPsych_version/images/go_right.png","https://kywch.github.io/STOP-IT/jsPsych_version/images/go_right.png","250","700","39","right","rightarrow","no","custom-stop-signal-plugin","1198","565980","0.0-1.0-2.4-2.287","rightarrow","true","450","64","4","1280 x 800","focus","yes"
